web-scraper-order,web-scraper-start-url,Pagination,link,link-href,name,image-src,Sku,desc
"1731171742-1","https://www.imperialdade.com/catalog/office-supplies/batteries-electrical-supplies?cid=WCL2046","","Zip Tie 8 IN Purple Plastic 40LB 100/Pack","https://www.imperialdade.com/catalog/product-detail/zip-tie-8-in-purple-plastic-40lb-100-pack-jbc-CT8PP?id=67768","Zip Tie 8 IN Purple Plastic 40LB 100/Pack","https://www.imperialdade.com/_next/image?url=https%3A%2F%2Fs3.amazonaws.com%2Fimperialdade.com%2Fapps%2Fcatalog%2Fdigital-assets%2F67768%2Fprimary%2F3627d85c1d0488f6bf9ffb2362a7e67857be3e61-400x400.webp&w=640&q=75","SKU# CT8PP","SpecificationsSpecificationsCompostable:NoRapidly Renewable Resource:NoRecyclable:NoMaterial:PlasticColor:PurpleOffice Supplies Product Type:Zip TieESP Chemical:falseUNSPSC:44120000Product Category:Batteries & Electrical SuppliesLength (IN):8Tensile Strength (LB):40UPC-12:821454504001Product Type:Zip Tie"
"1731171745-2","https://www.imperialdade.com/catalog/office-supplies/batteries-electrical-supplies?cid=WCL2046","","Cable Tie 8 IN Black Plastic 18LB 100/Pack","https://www.imperialdade.com/catalog/product-detail/cable-tie-8-in-black-plastic-18lb-100-pack-jbc-CT818B?id=67767","Cable Tie 8 IN Black Plastic 18LB 100/Pack","https://www.imperialdade.com/_next/image?url=https%3A%2F%2Fs3.amazonaws.com%2Fimperialdade.com%2Fapps%2Fcatalog%2Fdigital-assets%2F67767%2Fprimary%2F09a3d5caf9b1d83c5f05782bcd380439faa3ae73-400x400.webp&w=640&q=75","SKU# CT818B","SpecificationsSpecificationsCompostable:NoRapidly Renewable Resource:NoRecyclable:NoMaterial:PlasticColor:BlackOffice Supplies Product Type:Cable TieESP Chemical:falseUNSPSC:44120000Product Category:Batteries & Electrical SuppliesLength (IN):8Tensile Strength (LB):18Product Type:Cable Tie"
"1731171747-3","https://www.imperialdade.com/catalog/office-supplies/batteries-electrical-supplies?cid=WCL2046","","Extension Cord 12 FT 1/Each","https://www.imperialdade.com/catalog/product-detail/extension-cord-12-ft-1-each-world%20%26%20main-12AC?id=60408","Extension Cord 12 FT 1/Each","https://www.imperialdade.com/_next/image?url=https%3A%2F%2Fs3.amazonaws.com%2Fimperialdade.com%2Fapps%2Fcatalog%2Fdigital-assets%2F60408%2Fprimary%2F015cda51c1ea6950f22a66a452e06caed8a035e3-400x400.webp&w=640&q=75","SKU# 12CORD","SpecificationsSpecificationsOffice Supplies Product Type:Extension CordESP Chemical:falseProduct Category:Batteries & Electrical SuppliesCord Length FT:12Length (FT):12UPC-12:075877861122UPC-14 (GTIN):00075877861122, 10075877861129Product Type:Extension Cord"
"1731171752-4","https://www.imperialdade.com/catalog/office-supplies/batteries-electrical-supplies?cid=WCL2046","","Fromm Battery 36 Volt 1/Each","https://www.imperialdade.com/catalog/product-detail/fromm-battery-36-volt-1-each-fromm-N5-4341?id=414233","Fromm Battery 36 Volt 1/Each","https://www.imperialdade.com/_next/image?url=https%3A%2F%2Fs3.amazonaws.com%2Fimperialdade.com%2Fapps%2Fcatalog%2Fdigital-assets%2F414233%2Fprimary%2F01962dd730ce827f6e42f0a986b8ee789ca21b4c-400x400.webp&w=640&q=75","SKU# N54341","SpecificationsSpecificationsOffice Supplies Product Type:BatteryESP Chemical:falseProduct Category:Batteries & Electrical SuppliesBatteries Size:36 VoltProduct Type:Battery"
"1731171755-5","https://www.imperialdade.com/catalog/office-supplies/batteries-electrical-supplies?cid=WCL2046","","Procell Professional® Battery 9 Volt 2 Count/Pack 24 Packs/Case","https://www.imperialdade.com/catalog/product-detail/procell-professional-battery-9-volt-2-count-pack-24-packs-case-duracell-9BATTERY?id=411110","Procell Professional® Battery 9 Volt 2 Count/Pack 24 Packs/Case","https://www.imperialdade.com/_next/image?url=https%3A%2F%2Fs3.amazonaws.com%2Fimperialdade.com%2Fapps%2Fcatalog%2Fdigital-assets%2F411110%2Fprimary%2F113108c27074a1e807c376a122a658123f645666-400x400.webp&w=640&q=75","SKU# 9BATTERY","SpecificationsSpecificationsOffice Supplies Product Type:BatteryESP Chemical:falseProduct Category:Batteries & Electrical SuppliesBatteries Size:9 VoltProduct Type:Battery"
"1731171757-6","https://www.imperialdade.com/catalog/office-supplies/batteries-electrical-supplies?cid=WCL2046","","Rayovac® Battery D 1.5V 6 Count/Pack","https://www.imperialdade.com/catalog/product-detail/rayovac-battery-d-1-5v-6-count-pack-energizer-BAT-D6?id=39997","Rayovac® Battery D 1.5V 6 Count/Pack","https://www.imperialdade.com/_next/image?url=https%3A%2F%2Fs3.amazonaws.com%2Fimperialdade.com%2Fapps%2Fcatalog%2Fdigital-assets%2F39997%2Fprimary%2F6126108608b7c6f7d70bc0a0ed1d7cd8f909338a-400x400.webp&w=640&q=75","SKU# ROYBATD6","SpecificationsSpecificationsBatteries Size:DOffice Supplies Product Type:BatteryESP Chemical:falseUNSPSC:26111702Additional Product Features:1.5VProduct Category:Batteries & Electrical SuppliesUPC-12:012800525522UPC-14 (GTIN):10012800525529Product Type:Battery"
"1731171760-7","https://www.imperialdade.com/catalog/office-supplies/batteries-electrical-supplies?cid=WCL2046","","Cable Tie 8 IN Natural 100 Count/Pack 1 Count/Case","https://www.imperialdade.com/catalog/product-detail/cable-tie-8-in-natural-100-count-pack-1-count-case-lee%20distributing-KC97081?id=384371","Cable Tie 8 IN Natural 100 Count/Pack 1 Count/Case","https://www.imperialdade.com/_next/image?url=https%3A%2F%2Fs3.amazonaws.com%2Fimperialdade.com%2Fapps%2Fcatalog%2Fdigital-assets%2F384371%2Fprimary%2F30fc161f1b97069380b3b23a758438fa35ad3c93-400x400.webp&w=640&q=75","SKU# KKCT261","SpecificationsSpecificationsColor:NaturalOffice Supplies Product Type:Cable TieESP Chemical:falseProduct Category:Batteries & Electrical SuppliesLength (IN):8UPC-12:618559072616Product Type:Cable Tie"
"1731171762-8","https://www.imperialdade.com/catalog/office-supplies/batteries-electrical-supplies?cid=WCL2046","","Coppertop Battery C Alkaline 4/Pack","https://www.imperialdade.com/catalog/product-detail/coppertop-battery-c-alkaline-4-pack-duracell-DURMN1400R4ZX17?id=384044","Coppertop Battery C Alkaline 4/Pack","https://www.imperialdade.com/_next/image?url=https%3A%2F%2Fs3.amazonaws.com%2Fimperialdade.com%2Fapps%2Fcatalog%2Fdigital-assets%2F384044%2Fprimary%2Fcaa02d726bd5a3cfe18cf698a3199359a7143154-400x400.webp&w=640&q=75","SKU# DURMN1400R4ZX17","SpecificationsSpecificationsBatteries Size:COffice Supplies Product Type:BatteryESP Chemical:falseProduct Category:Batteries & Electrical SuppliesOffice Supplies Product Features:AlkalineProduct Type:Battery"
"1731171764-9","https://www.imperialdade.com/catalog/office-supplies/batteries-electrical-supplies?cid=WCL2046","","Rayovac® Ultrapro Battery D Alkaline 12/Pack","https://www.imperialdade.com/catalog/product-detail/rayovac-ultrapro-battery-d-alkaline-12-pack-energizer-RAYALD12PPJ?id=384043","Rayovac® Ultrapro Battery D Alkaline 12/Pack","https://www.imperialdade.com/_next/image?url=https%3A%2F%2Fs3.amazonaws.com%2Fimperialdade.com%2Fapps%2Fcatalog%2Fdigital-assets%2F384043%2Fprimary%2F83ab4415bba7a4ad1dbbb21506ba908e80d345c5-400x400.webp&w=640&q=75","SKU# RAYALD12PPJ","SpecificationsSpecificationsOffice Supplies Product Type:BatteryESP Chemical:falseProduct Category:Batteries & Electrical SuppliesBatteries Size:DOffice Supplies Product Features:AlkalineProduct Type:Battery"
"1731171767-10","https://www.imperialdade.com/catalog/office-supplies/batteries-electrical-supplies?cid=WCL2046","","Light Bulb Clear 250 Watt 120V For Heat Lamp 3 Count/Box 1 Box/Case","https://www.imperialdade.com/catalog/product-detail/light-bulb-clear-250-watt-120v-for-heat-lamp-3-count-box-1-box-case-fmp%20all%20points-253-1121?id=372928","Light Bulb Clear 250 Watt 120V For Heat Lamp 3 Count/Box 1 Box/Case","https://www.imperialdade.com/_next/image?url=https%3A%2F%2Fs3.amazonaws.com%2Fimperialdade.com%2Fapps%2Fcatalog%2Fdigital-assets%2F372928%2Fprimary%2Fb6e5675d488d04649341b53d4063adf8fea1bba0-400x400.webp&w=640&q=75","SKU# 2531121","SpecificationsSpecificationsColor:ClearOffice Supplies Product Type:Light BulbESP Chemical:falseAdditional Product Features:250 Watt, 120VProduct Category:Batteries & Electrical SuppliesProduct Type:Light Bulb"
"1731171770-11","https://www.imperialdade.com/catalog/office-supplies/batteries-electrical-supplies?cid=WCL2046","","Heat Lamp Clear Shatter Resistant 250 Watt 12/Case","https://www.imperialdade.com/catalog/product-detail/heat-lamp-clear-shatter-resistant-250-watt-12-case-winters%20engineering-BUB-714725.?id=364755","Heat Lamp Clear Shatter Resistant 250 Watt 12/Case","https://www.imperialdade.com/_next/image?url=https%3A%2F%2Fs3.amazonaws.com%2Fimperialdade.com%2Fapps%2Fcatalog%2Fdigital-assets%2F364755%2Fprimary%2Fba8686213810ef676a62626d6e3a3a10ce46b084-400x400.webp&w=640&q=75","SKU# BUB714725","SpecificationsSpecificationsColor:ClearOffice Supplies Product Type:Heat LampESP Chemical:falseAdditional Product Features:Shatter Resistant, 250 WattProduct Category:Batteries & Electrical SuppliesUPC-14 (GTIN):55000012496303Product Type:Heat Lamp"
"1731171772-12","https://www.imperialdade.com/catalog/office-supplies/batteries-electrical-supplies?cid=WCL2046","","Rayovac® Ultrapro Battery AA Alkaline 24/Pack","https://www.imperialdade.com/catalog/product-detail/rayovac-ultrapro-battery-aa-alkaline-24-pack-energizer-ALAA-24PPJ?id=345880","Rayovac® Ultrapro Battery AA Alkaline 24/Pack","https://www.imperialdade.com/_next/image?url=https%3A%2F%2Fs3.amazonaws.com%2Fimperialdade.com%2Fapps%2Fcatalog%2Fdigital-assets%2F345880%2Fprimary%2F273627021c4fa6075e0f9446e92ea99b297b81f3-400x400.webp&w=640&q=75","SKU# RAYALAA24PPJ","SpecificationsSpecificationsBatteries Size:AAOffice Supplies Product Type:BatteryESP Chemical:falseProduct Category:Batteries & Electrical SuppliesOffice Supplies Product Features:AlkalineUPC-12:012800474097Product Type:Battery"
"1731171775-13","https://www.imperialdade.com/catalog/office-supplies/batteries-electrical-supplies?cid=WCL2046","","Clarke® Battery 12 Volt 15.2X7.1X14.5 IN 1/Each","https://www.imperialdade.com/catalog/product-detail/clarke-battery-12-volt-15-2x7-1x14-5-in-1-each-nilfisk-41023A?id=336010","Clarke® Battery 12 Volt 15.2X7.1X14.5 IN 1/Each","https://www.imperialdade.com/_next/image?url=https%3A%2F%2Fs3.amazonaws.com%2Fimperialdade.com%2Fapps%2Fcatalog%2Fdigital-assets%2F336010%2Fprimary%2Fce283ac174584b58f02fdb049596b00a6e1751a8-400x400.webp&w=640&q=75","SKU# 41023A","SpecificationsSpecificationsOffice Supplies Product Type:BatteryESP Chemical:falseUNSPSC:26111702Product Category:Batteries & Electrical SuppliesBatteries Size:12 VoltHeight (IN):14.5Length (IN):15.2Width (IN):7.1Product Type:Battery"
"1731171777-14","https://www.imperialdade.com/catalog/office-supplies/batteries-electrical-supplies?cid=WCL2046","","Battery 12 Volt 12.94X9.38 IN 1/Each","https://www.imperialdade.com/catalog/product-detail/battery-12-volt-12-94x9-38-in-1-each-crown%20battery-D12115?id=275462","Battery 12 Volt 12.94X9.38 IN 1/Each","https://www.imperialdade.com/_next/image?url=https%3A%2F%2Fs3.amazonaws.com%2Fimperialdade.com%2Fapps%2Fcatalog%2Fdigital-assets%2F275462%2Fprimary%2F6474cf9d6c7ff5973e0d2a84d9bf1366b1a33d10-400x400.webp&w=640&q=75","SKU# 27HDC115","SpecificationsSpecificationsOffice Supplies Product Type:BatteryESP Chemical:falseUNSPSC:26111702Product Category:Batteries & Electrical SuppliesBatteries Size:12 VoltHeight (IN):9.38Width (IN):12.94Product Type:Battery"
"1731171780-15","https://www.imperialdade.com/catalog/office-supplies/batteries-electrical-supplies?cid=WCL2046","","Rayovac® Ultrapro Battery D Alkaline 12/Pack","https://www.imperialdade.com/catalog/product-detail/rayovac-ultrapro-battery-d-alkaline-12-pack-energizer-RAYALD12PPJ?id=273352","Rayovac® Ultrapro Battery D Alkaline 12/Pack","https://www.imperialdade.com/_next/image?url=https%3A%2F%2Fs3.amazonaws.com%2Fimperialdade.com%2Fapps%2Fcatalog%2Fdigital-assets%2F273352%2Fprimary%2F83ab4415bba7a4ad1dbbb21506ba908e80d345c5-400x400.webp&w=640&q=75","SKU# ALD12PPJ","SpecificationsSpecificationsOffice Supplies Product Type:BatteryESP Chemical:falseProduct Category:Batteries & Electrical SuppliesBatteries Size:DCleaning Chemicals Product pH:AlkalineOffice Supplies Product Features:AlkalineUPC-12:012800474127Product Type:Battery"
"1731171782-16","https://www.imperialdade.com/catalog/office-supplies/batteries-electrical-supplies?cid=WCL2046","","Battery Charger 18V 2-Pack Lithium-Ion Battery 6Ah 2/Pack","https://www.imperialdade.com/catalog/product-detail/battery-charger-18v-2-pack-lithium-ion-battery-6ah-2-pack-waitley%C2%AE-WTL1860?id=416308","Battery Charger 18V 2-Pack Lithium-Ion Battery 6Ah 2/Pack","https://www.imperialdade.com/_next/image?url=https%3A%2F%2Fs3.amazonaws.com%2Fimperialdade.com%2Fapps%2Fcatalog%2Fdigital-assets%2F416308%2Fprimary%2F9875cd5c3f0cc47ee114e30d24d7e4d4db94fbf0-400x400.webp&w=640&q=75","SKU# WTL1860","SpecificationsSpecificationsOffice Supplies Product Type:Battery ChargerESP Chemical:falseAdditional Product Features:2-Pack, Lithium-Ion Battery, 6AhProduct Category:Batteries & Electrical SuppliesBatteries Size:18VProduct Type:Battery Charger"
"1731171785-17","https://www.imperialdade.com/catalog/office-supplies/batteries-electrical-supplies?cid=WCL2046","","Battery D Alkaline 12/Box","https://www.imperialdade.com/catalog/product-detail/battery-d-alkaline-12-box-energizer-EEN95?id=29376","Battery D Alkaline 12/Box","https://www.imperialdade.com/_next/image?url=https%3A%2F%2Fs3.amazonaws.com%2Fimperialdade.com%2Fapps%2Fcatalog%2Fdigital-assets%2F29376%2Fprimary%2F74e8f26be962738a346200bfb276204c6c9efd28-400x400.webp&w=640&q=75","SKU# ENEEN95","SpecificationsSpecificationsBatteries Size:DOffice Supplies Product Type:BatteryESP Chemical:falseUNSPSC:26111702Product Category:Batteries & Electrical SuppliesOffice Supplies Product Features:AlkalineProduct Type:Battery"
"1731171788-18","https://www.imperialdade.com/catalog/office-supplies/batteries-electrical-supplies?cid=WCL2046","","Contactor 50-65 amps 208-240V 3 Poles 1/Each","https://www.imperialdade.com/catalog/product-detail/contactor-50-65-amps-208-240v-3-poles-1-each-hubbell-C25DNF350B?id=255685","Contactor 50-65 amps 208-240V 3 Poles 1/Each","https://www.imperialdade.com/_next/image?url=https%3A%2F%2Fs3.amazonaws.com%2Fimperialdade.com%2Fapps%2Fcatalog%2Fdigital-assets%2F255685%2Fprimary%2Ff8fa0844f8600dfc4a01166e945d959c252d3e7a-400x400.webp&w=640&q=75","SKU# C25DNF350B","SpecificationsSpecificationsOffice Supplies Product Type:ContactorESP Chemical:falseAdditional Product Features: 50-65 amps, 208-240V, 3 PolesProduct Category:Batteries & Electrical SuppliesUPC-12:782116311880Product Type:Contactor"
"1731171790-19","https://www.imperialdade.com/catalog/office-supplies/batteries-electrical-supplies?cid=WCL2046","","Battery 6V 223 Lithium 1/Pack","https://www.imperialdade.com/catalog/product-detail/battery-6v-223-lithium-1-pack-duracell-DURDL223ABPK?id=384255","Battery 6V 223 Lithium 1/Pack","https://www.imperialdade.com/_next/image?url=https%3A%2F%2Fs3.amazonaws.com%2Fimperialdade.com%2Fapps%2Fcatalog%2Fdigital-assets%2F384255%2Fprimary%2F312d0cefcbcb7a59a7570f4c95fa4bddb1e4541d-400x400.webp&w=640&q=75","SKU# DURDL223ABPK","SpecificationsSpecificationsOffice Supplies Product Type:BatteryESP Chemical:falseProduct Category:Batteries & Electrical SuppliesBatteries Size:6V 223Office Supplies Product Features:LithiumProduct Type:Battery"
"1731171793-20","https://www.imperialdade.com/catalog/office-supplies/batteries-electrical-supplies?cid=WCL2046","","Cable Tie 6X0.14 IN Natural 40LB 1000/Case","https://www.imperialdade.com/catalog/product-detail/cable-tie-6x0-14-in-natural-40lb-1000-case-b%20o%20x%20partners-CT640?id=414063","Cable Tie 6X0.14 IN Natural 40LB 1000/Case","https://www.imperialdade.com/_next/image?url=https%3A%2F%2Fs3.amazonaws.com%2Fimperialdade.com%2Fapps%2Fcatalog%2Fdigital-assets%2F414063%2Fprimary%2F114e52c69c10f7a27ee0ec7c1adb8c1f49ae837f-400x400.webp&w=640&q=75","SKU# CT640","SpecificationsSpecificationsColor:NaturalOffice Supplies Product Type:Cable TieESP Chemical:falseProduct Category:Batteries & Electrical SuppliesLength (IN):6Tensile Strength (LB):40Width (IN):0.14Product Type:Cable Tie"
"1731171795-21","https://www.imperialdade.com/catalog/office-supplies/batteries-electrical-supplies?cid=WCL2046","","245 Battery 6V Specialty High-Power Lithium 1/Each","https://www.imperialdade.com/catalog/product-detail/245-battery-6v-specialty-high-power-lithium-1-each-duracell-DURDL245BPK?id=344289","245 Battery 6V Specialty High-Power Lithium 1/Each","https://www.imperialdade.com/_next/image?url=https%3A%2F%2Fs3.amazonaws.com%2Fimperialdade.com%2Fapps%2Fcatalog%2Fdigital-assets%2F344289%2Fprimary%2F6186d0abe76a79349cb9ec1ca57001f1edbeb030-400x400.webp&w=640&q=75","SKU# DURDL245BPK","SpecificationsSpecificationsOffice Supplies Product Type:BatteryESP Chemical:falseUNSPSC:26111702Additional Product Features:Specialty, High-PowerProduct Category:Batteries & Electrical SuppliesBatteries Size:6VOffice Supplies Product Features:LithiumProduct Type:Battery"
"1731171798-22","https://www.imperialdade.com/catalog/office-supplies/batteries-electrical-supplies?cid=WCL2046","","Kable Kontrol Cable Tie 11 IN Natural 100 Count/Pack 1 Count/Case","https://www.imperialdade.com/catalog/product-detail/kable-kontrol-cable-tie-11-in-natural-100-count-pack-1-count-case-lee%20distributing-KK-CT262?id=384372","Kable Kontrol Cable Tie 11 IN Natural 100 Count/Pack 1 Count/Case","https://www.imperialdade.com/_next/image?url=https%3A%2F%2Fs3.amazonaws.com%2Fimperialdade.com%2Fapps%2Fcatalog%2Fdigital-assets%2F384372%2Fprimary%2Fbbe71e6537dca4cbf27adf3d2c9c876331d20ea9-400x400.webp&w=640&q=75","SKU# KKCT262","SpecificationsSpecificationsColor:NaturalOffice Supplies Product Type:Cable TieESP Chemical:falseProduct Category:Batteries & Electrical SuppliesLength (IN):11UPC-12:850049466103Product Type:Cable Tie"
"1731171802-23","https://www.imperialdade.com/catalog/office-supplies/batteries-electrical-supplies?cid=WCL2046","","Procell Professional® Battery D Alkaline 12/Pack","https://www.imperialdade.com/catalog/product-detail/procell-professional-battery-d-alkaline-12-pack-duracell-PC1300?id=361820","Procell Professional® Battery D Alkaline 12/Pack","https://www.imperialdade.com/_next/image?url=https%3A%2F%2Fs3.amazonaws.com%2Fimperialdade.com%2Fapps%2Fcatalog%2Fdigital-assets%2F361820%2Fprimary%2F5b67f4d827897b72e32c72aa65a4cbdfaf299e4d-400x400.webp&w=640&q=75","SKU# DURPC1300PK","SpecificationsSpecificationsOffice Supplies Product Type:BatteryESP Chemical:falseProduct Category:Batteries & Electrical SuppliesBatteries Size:DOffice Supplies Product Features:AlkalineUPC-14 (GTIN):00041333853956, 55000011515425Product Type:Battery"
"1731171805-24","https://www.imperialdade.com/catalog/office-supplies/batteries-electrical-supplies?cid=WCL2046","","Rayovac® Ultrapro Battery AAA Alkaline 24/Pack","https://www.imperialdade.com/catalog/product-detail/rayovac-ultrapro-battery-aaa-alkaline-24-pack-energizer-ALAAA-24PPJ?id=273350","Rayovac® Ultrapro Battery AAA Alkaline 24/Pack","https://www.imperialdade.com/_next/image?url=https%3A%2F%2Fs3.amazonaws.com%2Fimperialdade.com%2Fapps%2Fcatalog%2Fdigital-assets%2F273350%2Fprimary%2Fa7d87911c460dc61a5476794be1bdbf62e37107a-400x400.webp&w=640&q=75","SKU# ALAAA24PPJ","SpecificationsSpecificationsOffice Supplies Product Type:BatteryESP Chemical:falseUNSPSC:26111702Product Category:Batteries & Electrical SuppliesBatteries Size:AAAOffice Supplies Product Features:AlkalineProduct Type:Battery"
"1731171811-25","https://www.imperialdade.com/catalog/office-supplies/batteries-electrical-supplies?cid=WCL2046","","Extension Cord 100 FT 16GA 3-Wire Grounded 1/Each","https://www.imperialdade.com/catalog/product-detail/extension-cord-100-ft-16ga-3-wire-grounded-1-each-world%20%26%20main-91565?id=8550","Extension Cord 100 FT 16GA 3-Wire Grounded 1/Each","","SKU# AMC16100","SpecificationsSpecificationsOffice Supplies Product Type:Extension CordESP Chemical:falseProduct Category:Batteries & Electrical SuppliesLength (FT):100Material Thickness (Gauge):16Office Supplies Product Features:3-Wire GroundedUPC-12:075877826008, 756847002348, 815333016549UPC-14 (GTIN):10075877826005, 20815333016543Product Type:Extension Cord"
"1731171818-26","https://www.imperialdade.com/catalog/office-supplies/batteries-electrical-supplies?cid=WCL2046","","Procell Professional® Battery C Alkaline 12/Pack","https://www.imperialdade.com/catalog/product-detail/procell-professional-battery-c-alkaline-12-pack-duracell-PC1400?id=273351","Procell Professional® Battery C Alkaline 12/Pack","https://www.imperialdade.com/_next/image?url=https%3A%2F%2Fs3.amazonaws.com%2Fimperialdade.com%2Fapps%2Fcatalog%2Fdigital-assets%2F273351%2Fprimary%2F0b769bc0f7f33fb00ebbc598045e384d62fa2f3d-400x400.webp&w=640&q=75","SKU# ALC12PPJ","SpecificationsSpecificationsBatteries Size:COffice Supplies Product Type:BatteryESP Chemical:falseUNSPSC:26111702Product Category:Batteries & Electrical SuppliesOffice Supplies Product Features:AlkalineProduct Type:Battery"
"1731171821-27","https://www.imperialdade.com/catalog/office-supplies/batteries-electrical-supplies?cid=WCL2046","","Extension Cord 50 FT Orange 16GA Heavy Duty 3-Wire Grounded 1/Each","https://www.imperialdade.com/catalog/product-detail/extension-cord-50-ft-orange-16ga-heavy-duty-3-wire-grounded-1-each-world%20%26%20main-16%2F2CORD?id=8776","Extension Cord 50 FT Orange 16GA Heavy Duty 3-Wire Grounded 1/Each","https://www.imperialdade.com/_next/image?url=https%3A%2F%2Fs3.amazonaws.com%2Fimperialdade.com%2Fapps%2Fcatalog%2Fdigital-assets%2F8776%2Fprimary%2Fdea708e603febd2ea5fb7e4978d9f0985d0585dd-400x400.webp&w=640&q=75","SKU# 16/2CORD","SpecificationsSpecificationsColor:OrangeOffice Supplies Product Type:Extension CordESP Chemical:falseUNSPSC:44120000Product Category:Batteries & Electrical SuppliesLength (FT):50Material Thickness (Gauge):16Material Weight:Heavy DutyOffice Supplies Product Features:3-Wire GroundedUPC-12:044882425452, 075877826503, 756847000467, 815333016532UPC-14 (GTIN):10075877826500, 18997004661353Product Type:Extension Cord"
"1731171826-28","https://www.imperialdade.com/catalog/office-supplies/batteries-electrical-supplies?cid=WCL2046","","Fuji Batteries® EnviroMax Battery AAA Alkaline 24/Pack","https://www.imperialdade.com/catalog/product-detail/fuji-batteries-enviromax-battery-aaa-alkaline-24-pack-fdk%20group-4400BP24?id=102794","Fuji Batteries® EnviroMax Battery AAA Alkaline 24/Pack","https://www.imperialdade.com/_next/image?url=https%3A%2F%2Fs3.amazonaws.com%2Fimperialdade.com%2Fapps%2Fcatalog%2Fdigital-assets%2F102794%2Fprimary%2F67f8d112168809fe00a34ebc5aeb4befcf91a941-400x400.webp&w=640&q=75","SKU# 4400BP24","SpecificationsSpecificationsOffice Supplies Product Type:BatteryESP Chemical:falseUNSPSC:26111702Product Category:Batteries & Electrical SuppliesBatteries Size:AAAOffice Supplies Product Features:AlkalineUPC-12:791058440039UPC-14 (GTIN):70791058440038Product Type:Battery"
"1731171830-29","https://www.imperialdade.com/catalog/office-supplies/batteries-electrical-supplies?cid=WCL2046","","Cable Tie 7 IN Black Nylon 40LB Ladder 1000 Count/Bag 5 Bags/Case 5000 Count/Case","https://www.imperialdade.com/catalog/product-detail/cable-tie-7-in-black-nylon-40lb-ladder-1000-count-bag-5-bags-case-5000-count-case-andfel-510-07L-0?id=256765","Cable Tie 7 IN Black Nylon 40LB Ladder 1000 Count/Bag 5 Bags/Case 5000 Count/Case","","SKU# 51007LO","SpecificationsSpecificationsCompostable:NoRapidly Renewable Resource:NoRecyclable:NoMaterial:NylonColor:BlackOffice Supplies Product Type:Cable TieESP Chemical:falseUNSPSC:24111500Additional Product Features:LadderProduct Category:Batteries & Electrical SuppliesLength (IN):7Tensile Strength (LB):40UPC-12:097153084728Product Type:Cable Tie"
"1731171834-30","https://www.imperialdade.com/catalog/office-supplies/batteries-electrical-supplies?cid=WCL2046","","Kenwood 2-Way Radio Black UHF 5 Watt 16 Channels 1/Each","https://www.imperialdade.com/catalog/product-detail/kenwood-2-way-radio-black-uhf-5-watt-16-channels-1-each-cutler%20communication-NX-P1300NUK?id=106250","Kenwood 2-Way Radio Black UHF 5 Watt 16 Channels 1/Each","https://www.imperialdade.com/_next/image?url=https%3A%2F%2Fs3.amazonaws.com%2Fimperialdade.com%2Fapps%2Fcatalog%2Fdigital-assets%2F106250%2Fprimary%2Fc84941f8eca02b7a7aae69013bfbc57fe8e015cc-400x400.webp&w=640&q=75","SKU# NXP1300NUK","SpecificationsSpecificationsColor:BlackOffice Supplies Product Type:2-Way RadioESP Chemical:falseAdditional Product Features:UHF, 5 Watt, 16 ChannelsProduct Category:Batteries & Electrical SuppliesProduct Type:2-Way Radio"
"1731171841-31","https://www.imperialdade.com/catalog/office-supplies/batteries-electrical-supplies?cid=WCL2046","","Extension Cord 50 FT Red Yellow 600V 1/Each","https://www.imperialdade.com/catalog/product-detail/extension-cord-50-ft-red-yellow-600v-1-each-nationwide%20sales%20%26%20service%20inc-926Y?id=14472","Extension Cord 50 FT Red Yellow 600V 1/Each","https://www.imperialdade.com/_next/image?url=https%3A%2F%2Fs3.amazonaws.com%2Fimperialdade.com%2Fapps%2Fcatalog%2Fdigital-assets%2F14472%2Fprimary%2F06c15bfcb0fa4c0fbe6de1fbff444cc567792769-400x400.webp&w=640&q=75","SKU# 926Y","SpecificationsSpecificationsColor:Red, YellowOffice Supplies Product Type:Extension CordESP Chemical:falseUNSPSC:44120000Additional Product Features:600VProduct Category:Batteries & Electrical SuppliesLength (FT):50UPC-12:661899105759, 661899109597Product Type:Extension Cord"
"1731171845-32","https://www.imperialdade.com/catalog/office-supplies/batteries-electrical-supplies?cid=WCL2046","","Battery AA 4 Count/Pack 6 Packs/Case 24 Count/Case","https://www.imperialdade.com/catalog/product-detail/battery-aa-4-count-pack-6-packs-case-24-count-case-energizer-EN91PK?id=419305","Battery AA 4 Count/Pack 6 Packs/Case 24 Count/Case","https://www.imperialdade.com/_next/image?url=https%3A%2F%2Fs3.amazonaws.com%2Fimperialdade.com%2Fapps%2Fcatalog%2Fdigital-assets%2F419305%2Fprimary%2F58145d57ca75813c284f11078ef954dcf2c59a7b-400x400.webp&w=640&q=75","SKU# EN91PK","SpecificationsSpecificationsOffice Supplies Product Type:BatteryESP Chemical:falseProduct Category:Batteries & Electrical SuppliesBatteries Size:AAProduct Type:Battery"
"1731171847-33","https://www.imperialdade.com/catalog/office-supplies/batteries-electrical-supplies?cid=WCL2046","","Procell Professional® Battery C 12 Count/Box","https://www.imperialdade.com/catalog/product-detail/procell-professional-battery-c-12-count-box-duracell-USDURPC1400?id=103865","Procell Professional® Battery C 12 Count/Box","https://www.imperialdade.com/_next/image?url=https%3A%2F%2Fs3.amazonaws.com%2Fimperialdade.com%2Fapps%2Fcatalog%2Fdigital-assets%2F103865%2Fprimary%2Ffbacd87d11fa593dfdaec970f1382e1dbb3b6edb-400x400.webp&w=640&q=75","SKU# USDURPC1400","SpecificationsSpecificationsOffice Supplies Product Type:BatteryESP Chemical:falseUNSPSC:26111702Product Category:Batteries & Electrical SuppliesBatteries Size:CProduct Type:Battery"
"1731171850-34","https://www.imperialdade.com/catalog/office-supplies/batteries-electrical-supplies?cid=WCL2046","","Cable Tie 14 IN Natural 50LB 500/Pack","https://www.imperialdade.com/catalog/product-detail/cable-tie-14-in-natural-50lb-500-pack-nelco%20products-N-14-50-9-D?id=414226","Cable Tie 14 IN Natural 50LB 500/Pack","https://www.imperialdade.com/_next/image?url=https%3A%2F%2Fs3.amazonaws.com%2Fimperialdade.com%2Fapps%2Fcatalog%2Fdigital-assets%2F414226%2Fprimary%2F3a3ec0ee9b202e16eccaab8f5105e50d65d03260-400x400.webp&w=640&q=75","SKU# N14509D","SpecificationsSpecificationsColor:NaturalOffice Supplies Product Type:Cable TieESP Chemical:falseProduct Category:Batteries & Electrical SuppliesLength (IN):14Tensile Strength (LB):50Product Type:Cable Tie"
"1731171852-35","https://www.imperialdade.com/catalog/office-supplies/batteries-electrical-supplies?cid=WCL2046","","Extension Cord 100 FT Orange 14GA 3-Wire Grounded 1/Each","https://www.imperialdade.com/catalog/product-detail/extension-cord-100-ft-orange-14ga-3-wire-grounded-1-each-world%20%26%20main-R3000?id=8549","Extension Cord 100 FT Orange 14GA 3-Wire Grounded 1/Each","https://www.imperialdade.com/_next/image?url=https%3A%2F%2Fs3.amazonaws.com%2Fimperialdade.com%2Fapps%2Fcatalog%2Fdigital-assets%2F8549%2Fprimary%2Ff871a87d9ae2b67de0502e7315b9aeb99a05abeb-400x400.webp&w=640&q=75","SKU# AMC14100","SpecificationsSpecificationsColor:OrangeOffice Supplies Product Type:Extension CordESP Chemical:falseUNSPSC:44120000Product Category:Batteries & Electrical SuppliesLength (FT):100Material Thickness (Gauge):14Office Supplies Product Features:3-Wire GroundedUPC-12:075877830005UPC-14 (GTIN):10075877830002, 20815333016574Product Type:Extension Cord"
"1731171855-36","https://www.imperialdade.com/catalog/office-supplies/batteries-electrical-supplies?cid=WCL2046","","Procell Professional® Battery D 1.5 Volt 1.5V Alkaline 12 Count/Box","https://www.imperialdade.com/catalog/product-detail/procell-professional-battery-d-1-5-volt-1-5v-alkaline-12-count-box-duracell-MN1300V8?id=419320","Procell Professional® Battery D 1.5 Volt 1.5V Alkaline 12 Count/Box","https://www.imperialdade.com/_next/image?url=https%3A%2F%2Fs3.amazonaws.com%2Fimperialdade.com%2Fapps%2Fcatalog%2Fdigital-assets%2F419320%2Fprimary%2F4906814c2e3fa76df9564ee9f552e482312cf958-400x400.webp&w=640&q=75","SKU# MN1300V8","SpecificationsSpecificationsBatteries Size:D, 1.5 VoltOffice Supplies Product Type:BatteryESP Chemical:falseAdditional Product Features:1.5VProduct Category:Batteries & Electrical SuppliesOffice Supplies Product Features:AlkalineProduct Type:Battery"
"1731171857-37","https://www.imperialdade.com/catalog/office-supplies/batteries-electrical-supplies?cid=WCL2046","","Battery C Industrial 12/Box","https://www.imperialdade.com/catalog/product-detail/battery-c-industrial-12-box-energizer-ENGEN93?id=49613","Battery C Industrial 12/Box","https://www.imperialdade.com/_next/image?url=https%3A%2F%2Fs3.amazonaws.com%2Fimperialdade.com%2Fapps%2Fcatalog%2Fdigital-assets%2F49613%2Fprimary%2F074f452a0579912a954870830db3052320499d10-400x400.webp&w=640&q=75","SKU# ENGEN93","SpecificationsSpecificationsBatteries Size:COffice Supplies Product Type:BatteryESP Chemical:falseUNSPSC:26111702Additional Product Features:IndustrialProduct Category:Batteries & Electrical SuppliesUPC-14 (GTIN):10039800019216, 30039800019210Product Type:Battery"
"1731171860-38","https://www.imperialdade.com/catalog/office-supplies/batteries-electrical-supplies?cid=WCL2046","","Extension Cord 25 FT Orange 16GA 3-Wire Grounded 1/Each","https://www.imperialdade.com/catalog/product-detail/extension-cord-25-ft-orange-16ga-3-wire-grounded-1-each-world%20%26%20main-R2625%2016%2F3%20SJT?id=8785","Extension Cord 25 FT Orange 16GA 3-Wire Grounded 1/Each","https://www.imperialdade.com/_next/image?url=https%3A%2F%2Fs3.amazonaws.com%2Fimperialdade.com%2Fapps%2Fcatalog%2Fdigital-assets%2F8785%2Fprimary%2Fa69f15551c2b70ac6739d5e238ec28a01e062b8e-400x400.webp&w=640&q=75","SKU# 25CORD","SpecificationsSpecificationsColor:OrangeOffice Supplies Product Type:Extension CordESP Chemical:falseUNSPSC:44120000Product Category:Batteries & Electrical SuppliesLength (FT):25Material Thickness (Gauge):16Office Supplies Product Features:3-Wire GroundedUPC-12:075877826268, 815333016525UPC-14 (GTIN):10075877826265, 20815333016529Product Type:Extension Cord"
"1731171862-39","https://www.imperialdade.com/catalog/office-supplies/batteries-electrical-supplies?cid=WCL2046","","Cable Tie 18 IN Black 18LB 1000/Pack","https://www.imperialdade.com/catalog/product-detail/cable-tie-18-in-black-18lb-1000-pack-jbc-CT818M?id=269034","Cable Tie 18 IN Black 18LB 1000/Pack","https://www.imperialdade.com/_next/image?url=https%3A%2F%2Fs3.amazonaws.com%2Fimperialdade.com%2Fapps%2Fcatalog%2Fdigital-assets%2F269034%2Fprimary%2Fae257a8bf98310f9b98b1b1042394de1289065b4-400x400.webp&w=640&q=75","SKU# CT818M","SpecificationsSpecificationsColor:BlackOffice Supplies Product Type:Cable TieESP Chemical:falseUNSPSC:52150000Product Category:Batteries & Electrical SuppliesLength (IN):18Tensile Strength (LB):18Product Type:Cable Tie"
"1731171865-40","https://www.imperialdade.com/catalog/office-supplies/batteries-electrical-supplies?cid=WCL2046","","Extension Cord 50 FT Orange 14GA Extra Heavy Duty 3-Wire Grounded 1/Each","https://www.imperialdade.com/catalog/product-detail/extension-cord-50-ft-orange-14ga-extra-heavy-duty-3-wire-grounded-1-each-gogreen%20power-GG-13850BK?id=8772","Extension Cord 50 FT Orange 14GA Extra Heavy Duty 3-Wire Grounded 1/Each","https://www.imperialdade.com/_next/image?url=https%3A%2F%2Fs3.amazonaws.com%2Fimperialdade.com%2Fapps%2Fcatalog%2Fdigital-assets%2F8772%2Fprimary%2Fca48aa94b45ea6cf07c26c57954517f12e4c12e7-400x400.webp&w=640&q=75","SKU# 14/3CORD","SpecificationsSpecificationsColor:OrangeOffice Supplies Product Type:Extension CordESP Chemical:falseUNSPSC:44120000Product Category:Batteries & Electrical SuppliesLength (FT):50Material Thickness (Gauge):14Material Weight:Extra Heavy DutyOffice Supplies Product Features:3-Wire GroundedUPC-12:815333016792UPC-14 (GTIN):10075877830507, 20815333016796Product Type:Extension Cord"
"1731171867-41","https://www.imperialdade.com/catalog/office-supplies/batteries-electrical-supplies?cid=WCL2046","","Cable Tie 11 IN Clear Plastic 50LB 1000/Pack","https://www.imperialdade.com/catalog/product-detail/cable-tie-11-in-clear-plastic-50lb-1000-pack-jon%20barry%20company-CT11.5?id=55436","Cable Tie 11 IN Clear Plastic 50LB 1000/Pack","https://www.imperialdade.com/_next/image?url=https%3A%2F%2Fs3.amazonaws.com%2Fimperialdade.com%2Fapps%2Fcatalog%2Fdigital-assets%2F55436%2Fprimary%2F690388f6eae78185ead27f4130669aaf6566c669-400x400.webp&w=640&q=75","SKU# 46273","SpecificationsSpecificationsCompostable:NoRapidly Renewable Resource:NoRecyclable:NoMaterial:PlasticColor:ClearOffice Supplies Product Type:Cable TieESP Chemical:falseUNSPSC:24140000Product Category:Batteries & Electrical SuppliesLength (IN):11Tensile Strength (LB):50UPC-14 (GTIN):50680183124745Product Type:Cable Tie"
"1731171870-42","https://www.imperialdade.com/catalog/office-supplies/batteries-electrical-supplies?cid=WCL2046","","Procell Professional® Battery AAA Alkaline 24/Pack","https://www.imperialdade.com/catalog/product-detail/procell-professional-battery-aaa-alkaline-24-pack-duracell-PC2400BKD?id=16673","Procell Professional® Battery AAA Alkaline 24/Pack","https://www.imperialdade.com/_next/image?url=https%3A%2F%2Fs3.amazonaws.com%2Fimperialdade.com%2Fapps%2Fcatalog%2Fdigital-assets%2F16673%2Fprimary%2Fd229042837e7c7891b5285995d186310a97c7bdc-400x400.webp&w=640&q=75","SKU# AAABATTERY","SpecificationsSpecificationsBatteries Size:AAAOffice Supplies Product Type:BatteryESP Chemical:falseUNSPSC:26111702Product Category:Batteries & Electrical SuppliesOffice Supplies Product Features:AlkalineUPC-12:041333535487, 602382641439UPC-14 (GTIN):00041333535487Product Type:Battery"
"1731171873-43","https://www.imperialdade.com/catalog/office-supplies/batteries-electrical-supplies?cid=WCL2046","","Battery AAA Alkaline 24/Pack","https://www.imperialdade.com/catalog/product-detail/battery-aaa-alkaline-24-pack-energizer-EVEEN92?id=16164","Battery AAA Alkaline 24/Pack","https://www.imperialdade.com/_next/image?url=https%3A%2F%2Fs3.amazonaws.com%2Fimperialdade.com%2Fapps%2Fcatalog%2Fdigital-assets%2F16164%2Fprimary%2F4a242eb99a8828a0e20a77200212634f68220777-400x400.webp&w=640&q=75","SKU# AAAENEPK","SpecificationsSpecificationsBatteries Size:AAAOffice Supplies Product Type:BatteryESP Chemical:falseUNSPSC:26111702Product Category:Batteries & Electrical SuppliesOffice Supplies Product Features:AlkalineUPC-12:039800023117UPC-14 (GTIN):00039800016874, 10039800016871Product Type:Battery"
"1731171875-44","https://www.imperialdade.com/catalog/office-supplies/batteries-electrical-supplies?cid=WCL2046","","Battery 9 Volt Alkaline 12/Pack","https://www.imperialdade.com/catalog/product-detail/battery-9-volt-alkaline-12-pack-energizer-EVEEN22?id=15089","Battery 9 Volt Alkaline 12/Pack","https://www.imperialdade.com/_next/image?url=https%3A%2F%2Fs3.amazonaws.com%2Fimperialdade.com%2Fapps%2Fcatalog%2Fdigital-assets%2F15089%2Fprimary%2F98a43e85269d39d24fa20cf4607b8ac5ee710728-400x400.webp&w=640&q=75","SKU# 9VENEPK","SpecificationsSpecificationsBatteries Size:9 VoltOffice Supplies Product Type:BatteryESP Chemical:falseUNSPSC:26111702Product Category:Batteries & Electrical SuppliesOffice Supplies Product Features:AlkalineUPC-14 (GTIN):10039800019124, 30039800019128Product Type:Battery"
"1731171879-45","https://www.imperialdade.com/catalog/office-supplies/batteries-electrical-supplies?cid=WCL2046","","Extension Cord 50 FT 16GA Heavy Duty 3-Wire Grounded 1/Each","https://www.imperialdade.com/catalog/product-detail/extension-cord-50-ft-16ga-heavy-duty-3-wire-grounded-1-each-nationwide%20sales%20%26%20service%20inc-CD7212Y?id=262339","Extension Cord 50 FT 16GA Heavy Duty 3-Wire Grounded 1/Each","https://www.imperialdade.com/_next/image?url=https%3A%2F%2Fs3.amazonaws.com%2Fimperialdade.com%2Fapps%2Fcatalog%2Fdigital-assets%2F262339%2Fprimary%2F3f2e0ce0dbd6dfdf60ea55ff73442333492832ef-400x400.webp&w=640&q=75","SKU# CD7212Y","SpecificationsSpecificationsOffice Supplies Product Type:Extension CordESP Chemical:falseProduct Category:Batteries & Electrical SuppliesLength (FT):50Material Thickness (Gauge):16Material Weight:Heavy DutyOffice Supplies Product Features:3-Wire GroundedUPC-12:082901318361, 661899109603, 661899122879, 661899157673Product Type:Extension Cord"
"1731171883-46","https://www.imperialdade.com/catalog/office-supplies/batteries-electrical-supplies?cid=WCL2046","","Battery AA Alkaline 24/Pack","https://www.imperialdade.com/catalog/product-detail/battery-aa-alkaline-24-pack-energizer-EVEEN91?id=16163","Battery AA Alkaline 24/Pack","https://www.imperialdade.com/_next/image?url=https%3A%2F%2Fs3.amazonaws.com%2Fimperialdade.com%2Fapps%2Fcatalog%2Fdigital-assets%2F16163%2Fprimary%2F75e9f01aa418bcd9e866caeb8641016d0dbc5758-400x400.webp&w=640&q=75","SKU# AAENEPK","SpecificationsSpecificationsOffice Supplies Product Type:BatteryESP Chemical:falseUNSPSC:26111702Product Category:Batteries & Electrical SuppliesBatteries Size:AAOffice Supplies Product Features:AlkalineUPC-14 (GTIN):00039800019196, 10039800019193Product Type:Battery"
"1731171889-47","https://www.imperialdade.com/catalog/office-supplies/batteries-electrical-supplies?cid=WCL2046","","Procell Professional® Battery C Alkaline 12/Pack","https://www.imperialdade.com/catalog/product-detail/procell-professional-battery-c-alkaline-12-pack-duracell-PC1400?id=4830","Procell Professional® Battery C Alkaline 12/Pack","","SKU# CBATTERY","SpecificationsSpecificationsBatteries Size:COffice Supplies Product Type:BatteryESP Chemical:falseUNSPSC:26111702Product Category:Batteries & Electrical SuppliesOffice Supplies Product Features:AlkalineUPC-12:041333511405UPC-14 (GTIN):00041333114408, 00041333511405, 20041333014016Product Type:Battery"
"1731171891-48","https://www.imperialdade.com/catalog/office-supplies/batteries-electrical-supplies?cid=WCL2046","","Procell Professional® Battery AA Alkaline 24/Pack","https://www.imperialdade.com/catalog/product-detail/procell-professional-battery-aa-alkaline-24-pack-duracell-PC1500BKD?id=9656","Procell Professional® Battery AA Alkaline 24/Pack","https://www.imperialdade.com/_next/image?url=https%3A%2F%2Fs3.amazonaws.com%2Fimperialdade.com%2Fapps%2Fcatalog%2Fdigital-assets%2F9656%2Fprimary%2F186afefe02db72659b50571de3b3d39ee1c5594f-400x400.webp&w=640&q=75","SKU# AABATTERY","SpecificationsSpecificationsBatteries Size:AAOffice Supplies Product Type:BatteryESP Chemical:falseUNSPSC:26111702Product Category:Batteries & Electrical SuppliesOffice Supplies Product Features:AlkalineUPC-12:041333032573, 041333520483UPC-14 (GTIN):00041333520483, 00041333521480Product Type:Battery"
"1731171894-49","https://www.imperialdade.com/catalog/office-supplies/batteries-electrical-supplies?cid=WCL2046","","Battery D Alkaline 12/Pack","https://www.imperialdade.com/catalog/product-detail/battery-d-alkaline-12-pack-energizer-EVEEN95?id=6674","Battery D Alkaline 12/Pack","https://www.imperialdade.com/_next/image?url=https%3A%2F%2Fs3.amazonaws.com%2Fimperialdade.com%2Fapps%2Fcatalog%2Fdigital-assets%2F6674%2Fprimary%2F9c7bd378653fd99cda1c83c35bf51d5ebde9e7c0-400x400.webp&w=640&q=75","SKU# DENEPK","SpecificationsSpecificationsOffice Supplies Product Type:BatteryESP Chemical:falseUNSPSC:26111702Product Category:Batteries & Electrical SuppliesBatteries Size:DOffice Supplies Product Features:AlkalineUPC-14 (GTIN):10039800019223, 30039800019227Product Type:Battery"
"1731171897-50","https://www.imperialdade.com/catalog/office-supplies/batteries-electrical-supplies?cid=WCL2046","","Procell Professional® Battery D Alkaline 12 Count/Pack 1 Packs/Case 12 Count/Case","https://www.imperialdade.com/catalog/product-detail/procell-professional-battery-d-alkaline-12-count-pack-1-packs-case-12-count-case-duracell-PC1300?id=4831","Procell Professional® Battery D Alkaline 12 Count/Pack 1 Packs/Case 12 Count/Case","","SKU# DBATTERY","SpecificationsSpecificationsBatteries Size:DOffice Supplies Product Type:BatteryESP Chemical:falseUNSPSC:26111702Product Category:Batteries & Electrical SuppliesOffice Supplies Product Features:AlkalineUPC-12:041333513409UPC-14 (GTIN):00041333113401, 00041333513409, 10041333013012Product Type:Battery"
