"description","name","sku","pack","size","gtin","retail_price","is_catch_weight","average_case_weight","image","manufacturer_sku","ordering_unit","is_broken_case","content_url","brand","level 1","level 2","level 3","manufacturer_name","distributor_name","unitPrice","extra_data"
"","Fryer Filter Envelope 14X22.25 IN Non-Woven Paper 1.5 Inch Hole 100 Count/Pack 1 Packs/Case 100 Count/Case","FE1422W","","","00072288109959","","","","https://www.imperialdade.com/_next/image?url=https%3A%2F%2Fs3.amazonaws.com%2Fimperialdade.com%2Fapps%2Fcatalog%2Fdigital-assets%2F19504%2Fprimary%2F254d1074e687ba05ce0b6ace2fff686336b3bcf0-268x268.webp&w=384&q=75","FE1422W","","","https://www.imperialdade.com/catalog/product-detail/fryer-filter-envelope-14x22-25-in-non-woven-paper-1-5-inch-hole-100-count-pack-1-packs-case-100-count-case-acr%20(amercareroyal)-FE1422W?id=19504","","","","","","Imperial Dade","","{""manufacturerCode"":""FE1422W"",""productUrl"":""https://www.imperialdade.com/catalog/product-detail/fryer-filter-envelope-14x22-25-in-non-woven-paper-1-5-inch-hole-100-count-pack-1-packs-case-100-count-case-acr%20(amercareroyal)-FE1422W?id=19504"",""Compostable:"":""Commercially Compostable"",""Rapidly Renewable Resource:"":""No"",""Recyclable:"":""Recyclable In Most Areas"",""Material:"":""Non-Woven Paper"",""Sustainable Product:"":""Yes"",""Restaurant Kitchen Equipment Product Type:"":""Fryer Filter Envelope"",""ESP Chemical:"":""False"",""UNSPSC:"":""48101509"",""Product Category:"":""Commercial Fryers & Accessories"",""Length (IN):"":""14"",""Width (IN):"":""22.25"",""Restaurant Kitchen Equipment Product Features:"":""1.5 Inch Hole"",""Product Type:"":""Fryer Filter Envelope""}"
"","Fryer Filter Envelope 13X20 IN Non-Woven Paper 1.5 Inch Hole 100 Count/Pack 1 Packs/Case 100 Count/Case","HP1320100","","","00072288110139","","","","https://www.imperialdade.com/_next/image?url=https%3A%2F%2Fs3.amazonaws.com%2Fimperialdade.com%2Fapps%2Fcatalog%2Fdigital-assets%2F12267%2Fprimary%2F26ba533b1abfa1eef81d7008028e425300244e25-268x268.webp&w=384&q=75","HP1320-100","","","https://www.imperialdade.com/catalog/product-detail/fryer-filter-envelope-13x20-in-non-woven-paper-1-5-inch-hole-100-count-pack-1-packs-case-100-count-case-acr%20(amercareroyal)-HP1320-100?id=12267","","","","","","Imperial Dade","","{""manufacturerCode"":""HP1320-100"",""productUrl"":""https://www.imperialdade.com/catalog/product-detail/fryer-filter-envelope-13x20-in-non-woven-paper-1-5-inch-hole-100-count-pack-1-packs-case-100-count-case-acr%20(amercareroyal)-HP1320-100?id=12267"",""Compostable:"":""Commercially Compostable"",""Rapidly Renewable Resource:"":""No"",""Recyclable:"":""Recyclable In Most Areas"",""Material:"":""Non-Woven Paper"",""Sustainable Product:"":""Yes"",""Restaurant Kitchen Equipment Product Type:"":""Fryer Filter Envelope"",""ESP Chemical:"":""False"",""UNSPSC:"":""48101509"",""Product Category:"":""Commercial Fryers & Accessories"",""Length (IN):"":""13"",""Width (IN):"":""20"",""UPC-12:"":""072288110139"",""Restaurant Kitchen Equipment Product Features:"":""1.5 Inch Hole"",""Product Type:"":""Fryer Filter Envelope""}"
"","Fryer Filter Sheet 11.25X19.12 IN Paper 30/Case","FRYERFILTER","","","","","","","https://www.imperialdade.com/_next/image?url=https%3A%2F%2Fs3.amazonaws.com%2Fimperialdade.com%2Fapps%2Fcatalog%2Fdigital-assets%2F74510%2Fprimary%2Fb6f5ab4f4450f757f712bd610f1b061bb4416355-268x268.webp&w=384&q=75","FRYERFILTER","","","https://www.imperialdade.com/catalog/product-detail/fryer-filter-sheet-11-25x19-12-in-paper-30-case-henny%20penny-FRYERFILTER?id=74510","","","","","","Imperial Dade","","{""manufacturerCode"":""FRYERFILTER"",""productUrl"":""https://www.imperialdade.com/catalog/product-detail/fryer-filter-sheet-11-25x19-12-in-paper-30-case-henny%20penny-FRYERFILTER?id=74510"",""Compostable:"":""No"",""Rapidly Renewable Resource:"":""No"",""Recyclable:"":""No"",""Material:"":""Paper"",""Restaurant Kitchen Equipment Product Type:"":""Fryer Filter Sheet"",""ESP Chemical:"":""False"",""UNSPSC:"":""48101509"",""Product Category:"":""Commercial Fryers & Accessories"",""Length (IN):"":""11.25"",""Width (IN):"":""19.12"",""Product Type:"":""Fryer Filter Sheet""}"
"","Claire Food Grade Silicone 11 OZ 1/Each","C948","","11 OZ","10041911009482","","","","https://www.imperialdade.com/_next/image?url=https%3A%2F%2Fs3.amazonaws.com%2Fimperialdade.com%2Fapps%2Fcatalog%2Fdigital-assets%2F35129%2Fprimary%2F6d54b783043b3ce2564dffca759fb21dcf77f537-268x268.webp&w=384&q=75","CL948","","","https://www.imperialdade.com/catalog/product-detail/claire-food-grade-silicone-11-oz-1-each-plz%20corp.-CL948?id=35129","","","","","","Imperial Dade","","{""manufacturerCode"":""CL948"",""productUrl"":""https://www.imperialdade.com/catalog/product-detail/claire-food-grade-silicone-11-oz-1-each-plz%20corp.-CL948?id=35129"",""Restaurant Kitchen Equipment Product Type:"":""Food Grade Silicone"",""ESP Chemical:"":""False"",""UNSPSC:"":""48101800"",""Product Category:"":""Restaurant Kitchen Equipment"",""Capacity (OZ):"":""11"",""UPC-12:"":""713014119483"",""Product Type:"":""Food Grade Silicone""}"
"","Fryer Filter Sheet 25.5X16 IN 100 Count/Pack 1 Packs/Case 100 Count/Case","FS1625","","","00072288115165","","","","https://www.imperialdade.com/_next/image?url=https%3A%2F%2Fs3.amazonaws.com%2Fimperialdade.com%2Fapps%2Fcatalog%2Fdigital-assets%2F63522%2Fprimary%2F4b2f160387847fcb32c8bc0ebcf99bcf7b26bdf9-268x268.webp&w=384&q=75","FS1625","","","https://www.imperialdade.com/catalog/product-detail/fryer-filter-sheet-25-5x16-in-100-count-pack-1-packs-case-100-count-case-acr%20(amercareroyal)-FS1625?id=63522","","","","","","Imperial Dade","","{""manufacturerCode"":""FS1625"",""productUrl"":""https://www.imperialdade.com/catalog/product-detail/fryer-filter-sheet-25-5x16-in-100-count-pack-1-packs-case-100-count-case-acr%20(amercareroyal)-FS1625?id=63522"",""Restaurant Kitchen Equipment Product Type:"":""Fryer Filter Sheet"",""ESP Chemical:"":""False"",""UNSPSC:"":""48101509"",""Product Category:"":""Commercial Fryers & Accessories"",""Length (IN):"":""25.5"",""Width (IN):"":""16"",""Product Type:"":""Fryer Filter Sheet""}"
"","Fryer Filter Sheet Round Fryer 15.7X21.58 IN Paper Flat 10/Pack","FS1521G","","","","","","","https://www.imperialdade.com/_next/image?url=https%3A%2F%2Fs3.amazonaws.com%2Fimperialdade.com%2Fapps%2Fcatalog%2Fdigital-assets%2F111909%2Fprimary%2F49b4aa53b53bf34c9802275ab1a21677f021499f-268x268.webp&w=384&q=75","FS1521G","","","https://www.imperialdade.com/catalog/product-detail/fryer-filter-sheet-round-fryer-15-7x21-58-in-paper-flat-10-pack-oil%20solutions%20group-FS1521G?id=111909","","","","","","Imperial Dade","","{""manufacturerCode"":""FS1521G"",""productUrl"":""https://www.imperialdade.com/catalog/product-detail/fryer-filter-sheet-round-fryer-15-7x21-58-in-paper-flat-10-pack-oil%20solutions%20group-FS1521G?id=111909"",""Compostable:"":""No"",""Rapidly Renewable Resource:"":""No"",""Recyclable:"":""No"",""Material:"":""Paper"",""Restaurant Kitchen Equipment Product Type:"":""Fryer Filter Sheet"",""ESP Chemical:"":""False"",""UNSPSC:"":""48101509"",""Product Category:"":""Commercial Fryers & Accessories"",""Length (IN):"":""15.7"",""Width (IN):"":""21.58"",""Restaurant Kitchen Equipment Product Features:"":""Flat"",""Product Type:"":""Fryer Filter Sheet""}"
"","Fryer Filter Pad 11X19 IN Heavy Duty 30/Case","71707","","","06630461209052","","","","https://www.imperialdade.com/_next/image?url=https%3A%2F%2Fs3.amazonaws.com%2Fimperialdade.com%2Fapps%2Fcatalog%2Fdigital-assets%2F96728%2Fprimary%2F5f4053f0f87bcd96a11ed23acf44d0ba719a89ac-268x268.webp&w=384&q=75","12090","","","https://www.imperialdade.com/catalog/product-detail/fryer-filter-pad-11x19-in-heavy-duty-30-case-henny%20penny-12090?id=96728","","","","","","Imperial Dade","","{""manufacturerCode"":""12090"",""productUrl"":""https://www.imperialdade.com/catalog/product-detail/fryer-filter-pad-11x19-in-heavy-duty-30-case-henny%20penny-12090?id=96728"",""Restaurant Kitchen Equipment Product Type:"":""Fryer Filter Pad"",""ESP Chemical:"":""False"",""UNSPSC:"":""44120000"",""Product Category:"":""Commercial Fryers & Accessories"",""Length (IN):"":""11"",""Material Weight:"":""Heavy Duty"",""Width (IN):"":""19"",""UPC-12:"":""663046120905"",""Product Type:"":""Fryer Filter Pad""}"
"","Fryer Filter Sheet Paper 100/Box","EZ-CF560","","","10051098002008","","","","https://www.imperialdade.com/_next/image?url=https%3A%2F%2Fs3.amazonaws.com%2Fimperialdade.com%2Fapps%2Fcms%2Fmedia-lib%2Ficons%2Fdefault-thumbnail.png&w=384&q=75","D2416S4","","","https://www.imperialdade.com/catalog/product-detail/fryer-filter-sheet-paper-100-box-hp%20sales%20of%20new%20jersey%C2%A0%26%20new%20york-D2416S4?id=14559","","","","","","Imperial Dade","","{""manufacturerCode"":""D2416S4"",""productUrl"":""https://www.imperialdade.com/catalog/product-detail/fryer-filter-sheet-paper-100-box-hp%20sales%20of%20new%20jersey%C2%A0%26%20new%20york-D2416S4?id=14559"",""Compostable:"":""No"",""Rapidly Renewable Resource:"":""No"",""Recyclable:"":""No"",""Material:"":""Paper"",""Restaurant Kitchen Equipment Product Type:"":""Fryer Filter Sheet"",""ESP Chemical:"":""False"",""UNSPSC:"":""48101509"",""Product Category:"":""Commercial Fryers & Accessories"",""UPC-12:"":""661799275255"",""Product Type:"":""Fryer Filter Sheet""}"
"","Fryer Filter Sheet 20.5X18.5 IN Paper With Hole 100/Case","D1820E5","","","10051098002367","","","","https://www.imperialdade.com/_next/image?url=https%3A%2F%2Fs3.amazonaws.com%2Fimperialdade.com%2Fapps%2Fcatalog%2Fdigital-assets%2F176905%2Fprimary%2Fbb3a0210ee5ba92e44e99b43d9c0103c1667bbeb-268x268.webp&w=384&q=75","D1820E5","","","https://www.imperialdade.com/catalog/product-detail/fryer-filter-sheet-20-5x18-5-in-paper-with-hole-100-case-cellucap-D1820E5?id=176905","","","","","","Imperial Dade","","{""manufacturerCode"":""D1820E5"",""productUrl"":""https://www.imperialdade.com/catalog/product-detail/fryer-filter-sheet-20-5x18-5-in-paper-with-hole-100-case-cellucap-D1820E5?id=176905"",""Compostable:"":""No"",""Rapidly Renewable Resource:"":""No"",""Recyclable:"":""No"",""Material:"":""Paper"",""Restaurant Kitchen Equipment Product Type:"":""Fryer Filter Sheet"",""ESP Chemical:"":""False"",""UNSPSC:"":""48101509"",""Additional Product Features:"":""With Hole"",""Product Category:"":""Commercial Fryers & Accessories"",""Length (IN):"":""20.5"",""Width (IN):"":""18.5"",""UPC-12:"":""400015247313"",""Product Type:"":""Fryer Filter Sheet""}"
"","Charcoal Fryer Filter 12.375X20X2 IN 1/Each","EZ-30248","","","00906291270651","","","","https://www.imperialdade.com/_next/image?url=https%3A%2F%2Fs3.amazonaws.com%2Fimperialdade.com%2Fapps%2Fcms%2Fmedia-lib%2Ficons%2Fdefault-thumbnail.png&w=384&q=75","G30248","","","https://www.imperialdade.com/catalog/product-detail/charcoal-fryer-filter-12-375x20x2-in-1-each-hp%20sales%20of%20new%20jersey%C2%A0%26%20new%20york-G30248?id=9253","","","","","","Imperial Dade","","{""manufacturerCode"":""G30248"",""productUrl"":""https://www.imperialdade.com/catalog/product-detail/charcoal-fryer-filter-12-375x20x2-in-1-each-hp%20sales%20of%20new%20jersey%C2%A0%26%20new%20york-G30248?id=9253"",""Restaurant Kitchen Equipment Product Type:"":""Charcoal Fryer Filter"",""ESP Chemical:"":""False"",""UNSPSC:"":""48101509"",""Product Category:"":""Commercial Fryers & Accessories"",""Height (IN):"":""2"",""Length (IN):"":""12.375"",""Width (IN):"":""20"",""UPC-12:"":""661799275231, 906291270644"",""Product Type:"":""Charcoal Fryer Filter""}"
"","Fryer Filter Sheet Square Fryer 16.3X24.75 IN Paper Flat 10/Pack","FS1624","","","00850012879183","","","","https://www.imperialdade.com/_next/image?url=https%3A%2F%2Fs3.amazonaws.com%2Fimperialdade.com%2Fapps%2Fcatalog%2Fdigital-assets%2F112022%2Fprimary%2F1282af255e9af094ae4e19c5306a3fd52c812e7b-268x268.webp&w=384&q=75","FS1624F","","","https://www.imperialdade.com/catalog/product-detail/fryer-filter-sheet-square-fryer-16-3x24-75-in-paper-flat-10-pack-oil%20solutions%20group-FS1624F?id=112022","","","","","","Imperial Dade","","{""manufacturerCode"":""FS1624F"",""productUrl"":""https://www.imperialdade.com/catalog/product-detail/fryer-filter-sheet-square-fryer-16-3x24-75-in-paper-flat-10-pack-oil%20solutions%20group-FS1624F?id=112022"",""Compostable:"":""No"",""Rapidly Renewable Resource:"":""No"",""Recyclable:"":""No"",""Material:"":""Paper"",""Restaurant Kitchen Equipment Product Type:"":""Fryer Filter Sheet"",""ESP Chemical:"":""False"",""UNSPSC:"":""48101509"",""Product Category:"":""Commercial Fryers & Accessories"",""Length (IN):"":""16.3"",""Width (IN):"":""24.75"",""UPC-12:"":""850012879183"",""Restaurant Kitchen Equipment Product Features:"":""Flat"",""Product Type:"":""Fryer Filter Sheet""}"
"","Fryer Filter Sheet 21X33.5 IN Paper 100/Case","A2133S3","","","","","","","https://www.imperialdade.com/_next/image?url=https%3A%2F%2Fs3.amazonaws.com%2Fimperialdade.com%2Fapps%2Fcatalog%2Fdigital-assets%2F73831%2Fprimary%2F0ac4548a4083c7b8ae044587e93d385f3590f0ec-268x268.webp&w=384&q=75","A2133S3","","","https://www.imperialdade.com/catalog/product-detail/fryer-filter-sheet-21x33-5-in-paper-100-case-acs%20industries-A2133S3?id=73831","","","","","","Imperial Dade","","{""manufacturerCode"":""A2133S3"",""productUrl"":""https://www.imperialdade.com/catalog/product-detail/fryer-filter-sheet-21x33-5-in-paper-100-case-acs%20industries-A2133S3?id=73831"",""Compostable:"":""No"",""Rapidly Renewable Resource:"":""No"",""Recyclable:"":""No"",""Material:"":""Paper"",""Restaurant Kitchen Equipment Product Type:"":""Fryer Filter Sheet"",""ESP Chemical:"":""False"",""UNSPSC:"":""48101509"",""Product Category:"":""Commercial Fryers & Accessories"",""Length (IN):"":""21"",""Width (IN):"":""33.5"",""UPC-12:"":""071485096178"",""Product Type:"":""Fryer Filter Sheet""}"
"","Fryer Brush 24.5 IN L Shape Plastic 1/Each","BR24","","","10842169108749","","","","https://www.imperialdade.com/_next/image?url=https%3A%2F%2Fs3.amazonaws.com%2Fimperialdade.com%2Fapps%2Fcatalog%2Fdigital-assets%2F59725%2Fprimary%2Fc032a5e9b07b5941666bbebf6c8bd0a06f7dc9b7-268x268.webp&w=384&q=75","BR-24","","","https://www.imperialdade.com/catalog/product-detail/fryer-brush-24-5-in-l-shape-plastic-1-each-winco-BR-24?id=59725","","","","","","Imperial Dade","","{""manufacturerCode"":""BR-24"",""productUrl"":""https://www.imperialdade.com/catalog/product-detail/fryer-brush-24-5-in-l-shape-plastic-1-each-winco-BR-24?id=59725"",""Compostable:"":""No"",""Rapidly Renewable Resource:"":""No"",""Recyclable:"":""No"",""Material:"":""Plastic"",""Restaurant Kitchen Equipment Product Type:"":""Fryer Brush"",""ESP Chemical:"":""False"",""UNSPSC:"":""48101509"",""Product Category:"":""Commercial Fryers & Accessories"",""Length (IN):"":""24.5"",""Product Shape:"":""L Shape"",""UPC-12:"":""842169108742"",""Product Type:"":""Fryer Brush""}"
"","Fryer Filter Sheet 17.5X28 IN Paper 100/Case","D1728S5","","","10051098002077","","","","https://www.imperialdade.com/_next/image?url=https%3A%2F%2Fs3.amazonaws.com%2Fimperialdade.com%2Fapps%2Fcatalog%2Fdigital-assets%2F80718%2Fprimary%2F578018c81f3175e40ba93246115d477b6ca8c274-268x268.webp&w=384&q=75","D1728S5","","","https://www.imperialdade.com/catalog/product-detail/fryer-filter-sheet-17-5x28-in-paper-100-case-cellucap-D1728S5?id=80718","","","","","","Imperial Dade","","{""manufacturerCode"":""D1728S5"",""productUrl"":""https://www.imperialdade.com/catalog/product-detail/fryer-filter-sheet-17-5x28-in-paper-100-case-cellucap-D1728S5?id=80718"",""Compostable:"":""No"",""Rapidly Renewable Resource:"":""No"",""Recyclable:"":""No"",""Material:"":""Paper"",""Restaurant Kitchen Equipment Product Type:"":""Fryer Filter Sheet"",""ESP Chemical:"":""False"",""UNSPSC:"":""48101509"",""Product Category:"":""Commercial Fryers & Accessories"",""Length (IN):"":""17.5"",""Width (IN):"":""28"",""UPC-12:"":""400015247290"",""Product Type:"":""Fryer Filter Sheet""}"
"","Fryer Filter Sheet 18X25.25 IN Paper 100/Case","D1826S5","","","10051098019204","","","","https://www.imperialdade.com/_next/image?url=https%3A%2F%2Fs3.amazonaws.com%2Fimperialdade.com%2Fapps%2Fcatalog%2Fdigital-assets%2F81814%2Fprimary%2F623e5494ebad8d652de7ecbc0a224d79d88358cb-268x268.webp&w=384&q=75","D1826S5","","","https://www.imperialdade.com/catalog/product-detail/fryer-filter-sheet-18x25-25-in-paper-100-case-cellucap-D1826S5?id=81814","","","","","","Imperial Dade","","{""manufacturerCode"":""D1826S5"",""productUrl"":""https://www.imperialdade.com/catalog/product-detail/fryer-filter-sheet-18x25-25-in-paper-100-case-cellucap-D1826S5?id=81814"",""Compostable:"":""No"",""Rapidly Renewable Resource:"":""No"",""Recyclable:"":""No"",""Material:"":""Paper"",""Restaurant Kitchen Equipment Product Type:"":""Fryer Filter Sheet"",""ESP Chemical:"":""False"",""UNSPSC:"":""48101509"",""Product Category:"":""Commercial Fryers & Accessories"",""Length (IN):"":""18"",""Width (IN):"":""25.25"",""Product Type:"":""Fryer Filter Sheet""}"
"","Fryer Filter Envelope 14X22 IN Paper 1.5 Inch Hole 1 Sided 100/Case","D1422E3","","","10051098001827","","","","https://www.imperialdade.com/_next/image?url=https%3A%2F%2Fs3.amazonaws.com%2Fimperialdade.com%2Fapps%2Fcatalog%2Fdigital-assets%2F8602%2Fprimary%2F18567356810c5a171ab138d9bed906af00248a7a-268x268.webp&w=384&q=75","D1422E3","","","https://www.imperialdade.com/catalog/product-detail/fryer-filter-envelope-14x22-in-paper-1-5-inch-hole-1-sided-100-case-cellucap-D1422E3?id=8602","","","","","","Imperial Dade","","{""manufacturerCode"":""D1422E3"",""productUrl"":""https://www.imperialdade.com/catalog/product-detail/fryer-filter-envelope-14x22-in-paper-1-5-inch-hole-1-sided-100-case-cellucap-D1422E3?id=8602"",""Compostable:"":""No"",""Rapidly Renewable Resource:"":""No"",""Recyclable:"":""No"",""Material:"":""Paper"",""Restaurant Kitchen Equipment Product Type:"":""Fryer Filter Envelope"",""ESP Chemical:"":""False"",""UNSPSC:"":""48101509"",""Product Category:"":""Commercial Fryers & Accessories"",""Length (IN):"":""14"",""Width (IN):"":""22"",""Restaurant Kitchen Equipment Product Features:"":""1.5 Inch Hole, 1 Sided"",""Product Type:"":""Fryer Filter Envelope""}"
"","Fryer Filter Envelope 18.5X20.5 IN White Paper 100 Count/Pack 1 Packs/Case 100 Count/Case","FE1820SP","","","00072288115844","","","","https://www.imperialdade.com/_next/image?url=https%3A%2F%2Fs3.amazonaws.com%2Fimperialdade.com%2Fapps%2Fcatalog%2Fdigital-assets%2F8617%2Fprimary%2F656c7eb1bca805dd62d996a8d73e8890e4cd044b-268x268.webp&w=384&q=75","FE1820SP","","","https://www.imperialdade.com/catalog/product-detail/fryer-filter-envelope-18-5x20-5-in-white-paper-100-count-pack-1-packs-case-100-count-case-acr%20(amercareroyal)-FE1820SP?id=8617","","","","","","Imperial Dade","","{""manufacturerCode"":""FE1820SP"",""productUrl"":""https://www.imperialdade.com/catalog/product-detail/fryer-filter-envelope-18-5x20-5-in-white-paper-100-count-pack-1-packs-case-100-count-case-acr%20(amercareroyal)-FE1820SP?id=8617"",""Compostable:"":""No"",""Rapidly Renewable Resource:"":""No"",""Recyclable:"":""No"",""Material:"":""Paper"",""Color:"":""White"",""Gusset (IN):"":""1.375"",""Restaurant Kitchen Equipment Product Type:"":""Fryer Filter Envelope"",""ESP Chemical:"":""False"",""UNSPSC:"":""56131700"",""Product Category:"":""Commercial Fryers & Accessories"",""Length (IN):"":""18.5"",""Width (IN):"":""20.5"",""Product Type:"":""Fryer Filter Envelope""}"
"","Fryer Filter Sheet 11.75X11.75 IN Charcoal Super Absorbent 30/Case","12186","","","","","","","https://www.imperialdade.com/_next/image?url=https%3A%2F%2Fs3.amazonaws.com%2Fimperialdade.com%2Fapps%2Fcatalog%2Fdigital-assets%2F17879%2Fprimary%2F26fca1888d272d6cb41f3d387c96f539fc96e8d4-268x268.webp&w=384&q=75","12186","","","https://www.imperialdade.com/catalog/product-detail/fryer-filter-sheet-11-75x11-75-in-charcoal-super-absorbent-30-case-hp%20sales%20of%20new%20jersey%C2%A0%26%20new%20york-12186?id=17879","","","","","","Imperial Dade","","{""manufacturerCode"":""12186"",""productUrl"":""https://www.imperialdade.com/catalog/product-detail/fryer-filter-sheet-11-75x11-75-in-charcoal-super-absorbent-30-case-hp%20sales%20of%20new%20jersey%C2%A0%26%20new%20york-12186?id=17879"",""Color:"":""Charcoal"",""Restaurant Kitchen Equipment Product Type:"":""Fryer Filter Sheet"",""ESP Chemical:"":""False"",""UNSPSC:"":""56131700"",""Additional Product Features:"":""Super Absorbent"",""Product Category:"":""Commercial Fryers & Accessories"",""Unfolded Length (IN):"":""11.75"",""Unfolded Width (IN):"":""11.75"",""UPC-12:"":""663046121865"",""Product Type:"":""Fryer Filter Sheet""}"
"","Fry Basket 17X8.25X6 IN Yellow Metal Wire 1/Each","FB40","","","10842169111695","","","","https://www.imperialdade.com/_next/image?url=https%3A%2F%2Fs3.amazonaws.com%2Fimperialdade.com%2Fapps%2Fcatalog%2Fdigital-assets%2F54116%2Fprimary%2Fc94d55be57d000ce4a9cb5c1167021993c49cdea-268x268.webp&w=384&q=75","FB-40","","","https://www.imperialdade.com/catalog/product-detail/fry-basket-17x8-25x6-in-yellow-metal-wire-1-each-winco-FB-40?id=54116","","","","","","Imperial Dade","","{""manufacturerCode"":""FB-40"",""productUrl"":""https://www.imperialdade.com/catalog/product-detail/fry-basket-17x8-25x6-in-yellow-metal-wire-1-each-winco-FB-40?id=54116"",""Compostable:"":""No"",""Rapidly Renewable Resource:"":""No"",""Handle Length (IN):"":""12"",""Recyclable:"":""Recyclable In Most Areas"",""Material:"":""Metal Wire"",""Color:"":""Yellow"",""Smallwares Product Type:"":""Fry Basket"",""ESP Chemical:"":""False"",""UNSPSC:"":""48101509"",""Product Category:"":""Commercial Fryers & Accessories"",""Height (IN):"":""6"",""Length (IN):"":""17"",""Width (IN):"":""8.25"",""UPC-12:"":""842169111698"",""Product Type:"":""Fry Basket""}"
"","Fryer Filter Cone 10 IN White Cone Non-Woven Paper 100 Count/Pack","FILCONECS","","","10051098001759","","","","https://www.imperialdade.com/_next/image?url=https%3A%2F%2Fs3.amazonaws.com%2Fimperialdade.com%2Fapps%2Fcatalog%2Fdigital-assets%2F81679%2Fprimary%2F13379a3c3ff72e6cf569d4d8a62e6a0c0a61502b-268x268.webp&w=384&q=75","FC-10-3","","","https://www.imperialdade.com/catalog/product-detail/fryer-filter-cone-10-in-white-cone-non-woven-paper-100-count-pack-cellucap-FC-10-3?id=81679","","","","","","Imperial Dade","","{""manufacturerCode"":""FC-10-3"",""productUrl"":""https://www.imperialdade.com/catalog/product-detail/fryer-filter-cone-10-in-white-cone-non-woven-paper-100-count-pack-cellucap-FC-10-3?id=81679"",""Compostable:"":""Commercially Compostable"",""Rapidly Renewable Resource:"":""No"",""Recyclable:"":""Recyclable In Most Areas"",""Material:"":""Non-Woven Paper"",""Sustainable Product:"":""Yes"",""Color:"":""White"",""Restaurant Kitchen Equipment Product Type:"":""Fryer Filter Cone"",""ESP Chemical:"":""False"",""UNSPSC:"":""48101509"",""Product Category:"":""Commercial Fryers & Accessories"",""Product Shape:"":""Cone"",""Top Diameter (IN):"":""10"",""Product Type:"":""Fryer Filter Cone""}"
"","Fryer Filter Sheet 13.5X24 IN 100/Box","FS13524","","","","","","","https://www.imperialdade.com/_next/image?url=https%3A%2F%2Fs3.amazonaws.com%2Fimperialdade.com%2Fapps%2Fcatalog%2Fdigital-assets%2F395986%2Fprimary%2F5efd355301d8d0bb45a52f44d62e702a1c468b7d-268x268.webp&w=384&q=75","FS13524","","","https://www.imperialdade.com/catalog/product-detail/fryer-filter-sheet-13-5x24-in-100-box-acr%20(amercareroyal)-FS13524?id=395986","","","","","","Imperial Dade","","{""manufacturerCode"":""FS13524"",""productUrl"":""https://www.imperialdade.com/catalog/product-detail/fryer-filter-sheet-13-5x24-in-100-box-acr%20(amercareroyal)-FS13524?id=395986"",""Restaurant Kitchen Equipment Product Type:"":""Fryer Filter Sheet"",""ESP Chemical:"":""False"",""UNSPSC:"":""48101509"",""Product Category:"":""Commercial Fryers & Accessories"",""Unfolded Length (IN):"":""13.5"",""Unfolded Width (IN):"":""24"",""Product Type:"":""Fryer Filter Sheet""}"
"","Hood Filter 19.5X1.56 IN Stainless Steel 1/Each","HFS2020","","","10842169113774","","","","https://www.imperialdade.com/_next/image?url=https%3A%2F%2Fs3.amazonaws.com%2Fimperialdade.com%2Fapps%2Fcatalog%2Fdigital-assets%2F170845%2Fprimary%2Fdb385ebd263faf50ea393b47a538876a47f35e9c-268x268.webp&w=384&q=75","HFS-2020","","","https://www.imperialdade.com/catalog/product-detail/hood-filter-19-5x1-56-in-stainless-steel-1-each-winco-HFS-2020?id=170845","","","","","","Imperial Dade","","{""manufacturerCode"":""HFS-2020"",""productUrl"":""https://www.imperialdade.com/catalog/product-detail/hood-filter-19-5x1-56-in-stainless-steel-1-each-winco-HFS-2020?id=170845"",""Compostable:"":""No"",""Rapidly Renewable Resource:"":""No"",""Recyclable:"":""Recyclable In Most Areas"",""Material:"":""Stainless Steel"",""Restaurant Kitchen Equipment Product Type:"":""Hood Filter"",""ESP Chemical:"":""False"",""UNSPSC:"":""48101500"",""Product Category:"":""Restaurant Kitchen Equipment"",""Diameter (IN):"":""19.5"",""Foodservice Global Attributes:"":""Dishwasher Safe"",""Height (IN):"":""1.56"",""UPC-12:"":""842169113777"",""Product Type:"":""Hood Filter""}"
"","Fryer Filter Sheet 13X24 IN White Oblong Crepe Paper Assorted Sizes 100 Count/Bag","D1324S7","","","10051098020644","","","","https://www.imperialdade.com/_next/image?url=https%3A%2F%2Fs3.amazonaws.com%2Fimperialdade.com%2Fapps%2Fcatalog%2Fdigital-assets%2F361707%2Fprimary%2F680c4df59a790e8835508beb621604091f5fa037-268x268.webp&w=384&q=75","D1324S7","","","https://www.imperialdade.com/catalog/product-detail/fryer-filter-sheet-13x24-in-white-oblong-crepe-paper-assorted-sizes-100-count-bag-cellucap-D1324S7?id=361707","","","","","","Imperial Dade","","{""manufacturerCode"":""D1324S7"",""productUrl"":""https://www.imperialdade.com/catalog/product-detail/fryer-filter-sheet-13x24-in-white-oblong-crepe-paper-assorted-sizes-100-count-bag-cellucap-D1324S7?id=361707"",""Compostable:"":""Commercially Compostable"",""Rapidly Renewable Resource:"":""No"",""Recyclable:"":""Recyclable In Most Areas"",""Material:"":""Crepe Paper"",""Sustainable Product:"":""Yes"",""Color:"":""White"",""Restaurant Kitchen Equipment Product Type:"":""Fryer Filter Sheet"",""ESP Chemical:"":""False"",""UNSPSC:"":""48101509"",""Product Category:"":""Commercial Fryers & Accessories"",""Length (IN):"":""13"",""Product Shape:"":""Oblong"",""Width (IN):"":""24"",""Restaurant Kitchen Equipment Product Features:"":""Assorted Sizes"",""Product Type:"":""Fryer Filter Sheet""}"
"","Fryer Filter Sheet 13.5X20.5 IN Paper 100/Case","D2013E3","","","10051098021733","","","","https://www.imperialdade.com/_next/image?url=https%3A%2F%2Fs3.amazonaws.com%2Fimperialdade.com%2Fapps%2Fcatalog%2Fdigital-assets%2F69336%2Fprimary%2F395a23f2816a106d606acc1b44e457a3ffae00b9-268x268.webp&w=384&q=75","D2013E3","","","https://www.imperialdade.com/catalog/product-detail/fryer-filter-sheet-13-5x20-5-in-paper-100-case-cellucap-D2013E3?id=69336","","","","","","Imperial Dade","","{""manufacturerCode"":""D2013E3"",""productUrl"":""https://www.imperialdade.com/catalog/product-detail/fryer-filter-sheet-13-5x20-5-in-paper-100-case-cellucap-D2013E3?id=69336"",""Compostable:"":""No"",""Rapidly Renewable Resource:"":""No"",""Recyclable:"":""No"",""Material:"":""Paper"",""Restaurant Kitchen Equipment Product Type:"":""Fryer Filter Sheet"",""ESP Chemical:"":""False"",""UNSPSC:"":""48101509"",""Product Category:"":""Commercial Fryers & Accessories"",""Length (IN):"":""13.5"",""Width (IN):"":""20.5"",""Product Type:"":""Fryer Filter Sheet""}"
"","Fryer Filter Envelope 16.75X22.5 IN With .688 Hole 100/Case","D1722W4","","","10051098001902","","","","https://www.imperialdade.com/_next/image?url=https%3A%2F%2Fs3.amazonaws.com%2Fimperialdade.com%2Fapps%2Fcatalog%2Fdigital-assets%2F172550%2Fprimary%2F5b8e56023c9f75f961c44a2cb6c095302c64d041-268x268.webp&w=384&q=75","D1722W4","","","https://www.imperialdade.com/catalog/product-detail/fryer-filter-envelope-16-75x22-5-in-with-688-hole-100-case-cellucap-D1722W4?id=172550","","","","","","Imperial Dade","","{""manufacturerCode"":""D1722W4"",""productUrl"":""https://www.imperialdade.com/catalog/product-detail/fryer-filter-envelope-16-75x22-5-in-with-688-hole-100-case-cellucap-D1722W4?id=172550"",""Restaurant Kitchen Equipment Product Type:"":""Fryer Filter Envelope"",""ESP Chemical:"":""False"",""UNSPSC:"":""23181801"",""Additional Product Features:"":""With .688 Hole"",""Product Category:"":""Commercial Fryers & Accessories"",""Length (IN):"":""16.75"",""Width (IN):"":""22.5"",""Product Type:"":""Fryer Filter Envelope""}"
"","Fry Basket 8.5X4.25 IN Metal Wire Mesh 1/Each","FBRS8","","","10811642008524","","","","https://www.imperialdade.com/_next/image?url=https%3A%2F%2Fs3.amazonaws.com%2Fimperialdade.com%2Fapps%2Fcatalog%2Fdigital-assets%2F81209%2Fprimary%2Fa01d175b61fa214aeeff830e85e4e9991edfa289-268x268.webp&w=384&q=75","FBRS-8","","","https://www.imperialdade.com/catalog/product-detail/fry-basket-8-5x4-25-in-metal-wire-mesh-1-each-winco-FBRS-8?id=81209","","","","","","Imperial Dade","","{""manufacturerCode"":""FBRS-8"",""productUrl"":""https://www.imperialdade.com/catalog/product-detail/fry-basket-8-5x4-25-in-metal-wire-mesh-1-each-winco-FBRS-8?id=81209"",""Compostable:"":""No"",""Rapidly Renewable Resource:"":""No"",""Handle Length (IN):"":""7.5"",""Recyclable:"":""Recyclable In Most Areas"",""Material:"":""Metal Wire"",""Smallwares Product Type:"":""Fry Basket"",""ESP Chemical:"":""False"",""UNSPSC:"":""48101509"",""Additional Product Features:"":""Wire Mesh"",""Product Category:"":""Commercial Fryers & Accessories"",""Diameter (IN):"":""8.5"",""Height (IN):"":""4.25"",""UPC-12:"":""811642008527"",""Product Type:"":""Fry Basket""}"
"","Fryer Filter Sheet 17.5X24.75 IN Paper Flat 10/Pack","FS1724G","","","","","","","https://www.imperialdade.com/_next/image?url=https%3A%2F%2Fs3.amazonaws.com%2Fimperialdade.com%2Fapps%2Fcatalog%2Fdigital-assets%2F111910%2Fprimary%2F1282af255e9af094ae4e19c5306a3fd52c812e7b-268x268.webp&w=384&q=75","FS1724G","","","https://www.imperialdade.com/catalog/product-detail/fryer-filter-sheet-17-5x24-75-in-paper-flat-10-pack-oil%20solutions%20group-FS1724G?id=111910","","","","","","Imperial Dade","","{""manufacturerCode"":""FS1724G"",""productUrl"":""https://www.imperialdade.com/catalog/product-detail/fryer-filter-sheet-17-5x24-75-in-paper-flat-10-pack-oil%20solutions%20group-FS1724G?id=111910"",""Compostable:"":""No"",""Rapidly Renewable Resource:"":""No"",""Recyclable:"":""No"",""Material:"":""Paper"",""Restaurant Kitchen Equipment Product Type:"":""Fryer Filter Sheet"",""ESP Chemical:"":""False"",""UNSPSC:"":""48101509"",""Product Category:"":""Commercial Fryers & Accessories"",""Length (IN):"":""17.5"",""Width (IN):"":""24.75"",""UPC-12:"":""850012879145"",""Restaurant Kitchen Equipment Product Features:"":""Flat"",""Product Type:"":""Fryer Filter Sheet""}"
"","Hood Filter 24.5X19.5X1.5 IN Stainless Steel 1/Each","HFS2025","","","10842169113781","","","","https://www.imperialdade.com/_next/image?url=https%3A%2F%2Fs3.amazonaws.com%2Fimperialdade.com%2Fapps%2Fcatalog%2Fdigital-assets%2F381409%2Fprimary%2Fe257c78d1ffa131db5adad7576c78c01b1cd7e92-268x268.webp&w=384&q=75","HFS-2025","","","https://www.imperialdade.com/catalog/product-detail/hood-filter-24-5x19-5x1-5-in-stainless-steel-1-each-winco-HFS-2025?id=381409","","","","","","Imperial Dade","","{""manufacturerCode"":""HFS-2025"",""productUrl"":""https://www.imperialdade.com/catalog/product-detail/hood-filter-24-5x19-5x1-5-in-stainless-steel-1-each-winco-HFS-2025?id=381409"",""Compostable:"":""No"",""Rapidly Renewable Resource:"":""No"",""Recyclable:"":""Recyclable In Most Areas"",""Material:"":""Stainless Steel"",""Restaurant Kitchen Equipment Product Type:"":""Hood Filter"",""ESP Chemical:"":""False"",""UNSPSC:"":""48101500"",""Product Category:"":""Restaurant Kitchen Equipment"",""Foodservice Global Attributes:"":""Dishwasher Safe"",""Height (IN):"":""1.5"",""Length (IN):"":""24.5"",""Material Thickness (mm):"":""38.1"",""Width (IN):"":""19.5"",""UPC-12:"":""842169113784"",""Product Type:"":""Hood Filter""}"
"","Fry Basket Mini 3.75X6.625 IN Round 18/8 Stainless Steel Dishwasher Safe 1/Each","FBM32R","","","10811642053838","","","","https://www.imperialdade.com/_next/image?url=https%3A%2F%2Fs3.amazonaws.com%2Fimperialdade.com%2Fapps%2Fcatalog%2Fdigital-assets%2F400699%2Fprimary%2F629b97607611385466f655f2022f50b4c3a98ac0-268x268.webp&w=384&q=75","FBM-32R","","","https://www.imperialdade.com/catalog/product-detail/fry-basket-mini-3-75x6-625-in-round-18-8-stainless-steel-dishwasher-safe-1-each-winco-FBM-32R?id=400699","","","","","","Imperial Dade","","{""manufacturerCode"":""FBM-32R"",""productUrl"":""https://www.imperialdade.com/catalog/product-detail/fry-basket-mini-3-75x6-625-in-round-18-8-stainless-steel-dishwasher-safe-1-each-winco-FBM-32R?id=400699"",""Compostable:"":""No"",""Rapidly Renewable Resource:"":""No"",""Handle Length (IN):"":""3.875"",""Recyclable:"":""Recyclable In Most Areas"",""Material:"":""18/8 Stainless Steel"",""Smallwares Product Type:"":""Fry Basket"",""ESP Chemical:"":""False"",""UNSPSC:"":""48101509"",""Additional Product Features:"":""Dishwasher Safe"",""Product Category:"":""Commercial Fryers & Accessories"",""Diameter (IN):"":""3.75"",""Length (IN):"":""6.625"",""Product Shape:"":""Round"",""Product Size:"":""Mini"",""UPC-12:"":""811642053831"",""Product Type:"":""Fry Basket""}"
"","Bun Rack Cover 23X28X64 IN Clear PVC Clear Top Zippered 4/Case","7091052","","","","","","","https://www.imperialdade.com/_next/image?url=https%3A%2F%2Fs3.amazonaws.com%2Fimperialdade.com%2Fapps%2Fcatalog%2Fdigital-assets%2F72582%2Fprimary%2Fa4a70777d34cc456e5cd8e1a5911b8c9a8d65c5b-268x268.webp&w=384&q=75","7091052","","","https://www.imperialdade.com/catalog/product-detail/bun-rack-cover-23x28x64-in-clear-pvc-clear-top-zippered-4-case-polynova%20nissen-7091052?id=72582","","","","","","Imperial Dade","","{""manufacturerCode"":""7091052"",""productUrl"":""https://www.imperialdade.com/catalog/product-detail/bun-rack-cover-23x28x64-in-clear-pvc-clear-top-zippered-4-case-polynova%20nissen-7091052?id=72582"",""Compostable:"":""No"",""Rapidly Renewable Resource:"":""No"",""No PFAS Added:"":""True"",""Recyclable:"":""Check Locally"",""Material:"":""Polyvinyl Chloride (PVC)"",""Color:"":""Clear"",""Gusset (IN):"":""28"",""Restaurant Kitchen Equipment Product Type:"":""Bun Rack Cover"",""Bag Length (IN):"":""64"",""ESP Chemical:"":""False"",""UNSPSC:"":""48101500"",""Product Category:"":""Restaurant Kitchen Equipment"",""Bag Width (IN):"":""23"",""Restaurant Kitchen Equipment Product Features:"":""Clear Top, Zippered"",""Product Type:"":""Bun Rack Cover""}"
"","Fry Basket 10X4.9375 IN Round Metal Wire 1/Each","FBR8","","","10812944009875","","","","https://www.imperialdade.com/_next/image?url=https%3A%2F%2Fs3.amazonaws.com%2Fimperialdade.com%2Fapps%2Fcatalog%2Fdigital-assets%2F371102%2Fprimary%2F80190a818e2de4f48fa63a2d4caf2af86ad130be-268x268.webp&w=384&q=75","FBR-8","","","https://www.imperialdade.com/catalog/product-detail/fry-basket-10x4-9375-in-round-metal-wire-1-each-winco-FBR-8?id=371102","","","","","","Imperial Dade","","{""manufacturerCode"":""FBR-8"",""productUrl"":""https://www.imperialdade.com/catalog/product-detail/fry-basket-10x4-9375-in-round-metal-wire-1-each-winco-FBR-8?id=371102"",""Compostable:"":""No"",""Rapidly Renewable Resource:"":""No"",""Handle Length (IN):"":""7.25"",""Recyclable:"":""Recyclable In Most Areas"",""Material:"":""Metal Wire"",""Restaurant Kitchen Equipment Product Type:"":""Fry Basket"",""Smallwares Product Type:"":""Fry Basket"",""ESP Chemical:"":""False"",""UNSPSC:"":""48101509"",""Product Category:"":""Commercial Fryers & Accessories"",""Diameter (IN):"":""10"",""Height (IN):"":""4.9375"",""Product Shape:"":""Round"",""UPC-12:"":""812944009878"",""Product Type:"":""Fry Basket, Fry Basket""}"
"","Butane Stove 9000 BTU 1/Each","50180EA","","","10076642501806","","","","https://www.imperialdade.com/_next/image?url=https%3A%2F%2Fs3.amazonaws.com%2Fimperialdade.com%2Fapps%2Fcatalog%2Fdigital-assets%2F76018%2Fprimary%2F20fafaedf4d986eaa92fcc6beed776cf7369f016-268x268.webp&w=384&q=75","50180","","","https://www.imperialdade.com/catalog/product-detail/butane-stove-9000-btu-1-each-sterno-50180?id=76018","","","","","","Imperial Dade","","{""manufacturerCode"":""50180"",""productUrl"":""https://www.imperialdade.com/catalog/product-detail/butane-stove-9000-btu-1-each-sterno-50180?id=76018"",""Restaurant Kitchen Equipment Product Type:"":""Butane Stove"",""ESP Chemical:"":""False"",""UNSPSC:"":""48101500"",""Product Category:"":""Restaurant Kitchen Equipment"",""UPC-12:"":""076642501793"",""Restaurant Kitchen Equipment Product Features:"":""9000 BTU"",""Product Type:"":""Butane Stove""}"
"","Fryer Filter Envelope 17.5X18.5 IN 1.5 Inch Hole 100/Case","D1718E4","","","10051098002466","","","","https://www.imperialdade.com/_next/image?url=https%3A%2F%2Fs3.amazonaws.com%2Fimperialdade.com%2Fapps%2Fcatalog%2Fdigital-assets%2F77801%2Fprimary%2Fc26b038f2bff5834b0e84c33fbde836cd177f519-268x268.webp&w=384&q=75","D1718E4","","","https://www.imperialdade.com/catalog/product-detail/fryer-filter-envelope-17-5x18-5-in-1-5-inch-hole-100-case-buccaneer%20brokerage-D1718E4?id=77801","","","","","","Imperial Dade","","{""manufacturerCode"":""D1718E4"",""productUrl"":""https://www.imperialdade.com/catalog/product-detail/fryer-filter-envelope-17-5x18-5-in-1-5-inch-hole-100-case-buccaneer%20brokerage-D1718E4?id=77801"",""Restaurant Kitchen Equipment Product Type:"":""Fryer Filter Envelope"",""ESP Chemical:"":""False"",""UNSPSC:"":""48101509"",""Product Category:"":""Commercial Fryers & Accessories"",""Length (IN):"":""17.5"",""Width (IN):"":""18.5"",""Restaurant Kitchen Equipment Product Features:"":""1.5 Inch Hole"",""Product Type:"":""Fryer Filter Envelope""}"
"","Chafer Full Size 24.5X18.375X17.75 IN 8 QT Gold Rectangle Stainless Steel With Roll-Top Lid 1/Each","101A","","8 QT","811642033307","","","","https://www.imperialdade.com/_next/image?url=https%3A%2F%2Fs3.amazonaws.com%2Fimperialdade.com%2Fapps%2Fcatalog%2Fdigital-assets%2F401091%2Fprimary%2Faae3c6552180ae5bdde70f111fcd8fe25a9d4352-268x268.webp&w=384&q=75","101A","","","https://www.imperialdade.com/catalog/product-detail/chafer-full-size-24-5x18-375x17-75-in-8-qt-gold-rectangle-stainless-steel-with-roll-top-lid-1-each-winco-101A?id=401091","","","","","","Imperial Dade","","{""manufacturerCode"":""101A"",""productUrl"":""https://www.imperialdade.com/catalog/product-detail/chafer-full-size-24-5x18-375x17-75-in-8-qt-gold-rectangle-stainless-steel-with-roll-top-lid-1-each-winco-101A?id=401091"",""Compostable:"":""No"",""Rapidly Renewable Resource:"":""No"",""Recyclable:"":""Recyclable In Most Areas"",""Material:"":""Stainless Steel"",""Color:"":""Gold"",""Restaurant Kitchen Equipment Product Type:"":""Chafer"",""ESP Chemical:"":""False"",""UNSPSC:"":""48101500"",""Lid, Cover & Cap Features:"":""Roll-Top"",""Product Category:"":""Food Cookers & Warmers"",""Height (IN):"":""17.75"",""Length (IN):"":""24.5"",""Product Shape:"":""Rectangle"",""Product Size:"":""Full Size"",""Width (IN):"":""18.375"",""Capacity (OZ):"":""256"",""UPC-12:"":""811642033307"",""Product Type:"":""Chafer""}"
"","Tray Rack 30X21X69 IN Aluminum Mobile 5 IN Swivel Stem Caster End Loading Holds (24) 15X20 IN Trays (2 Per Ledge) 1/Each","APR1220","","","","","","","https://www.imperialdade.com/_next/image?url=https%3A%2F%2Fs3.amazonaws.com%2Fimperialdade.com%2Fapps%2Fcatalog%2Fdigital-assets%2F74701%2Fprimary%2F8f27363df5d970a996f14e05d76c6058ae0a3c78-268x268.webp&w=384&q=75","4H0873","","","https://www.imperialdade.com/catalog/product-detail/tray-rack-30x21x69-in-aluminum-mobile-5-in-swivel-stem-caster-end-loading-holds-24-15x20-in-trays-2-per-ledge-1-each-storage%20products%20group-4H0873?id=74701","","","","","","Imperial Dade","","{""manufacturerCode"":""4H0873"",""productUrl"":""https://www.imperialdade.com/catalog/product-detail/tray-rack-30x21x69-in-aluminum-mobile-5-in-swivel-stem-caster-end-loading-holds-24-15x20-in-trays-2-per-ledge-1-each-storage%20products%20group-4H0873?id=74701"",""Compostable:"":""No"",""Rapidly Renewable Resource:"":""No"",""Recyclable:"":""Recyclable In Most Areas"",""Material:"":""Aluminum"",""Restaurant Kitchen Equipment Product Type:"":""Tray Rack"",""ESP Chemical:"":""False"",""UNSPSC:"":""48101915"",""Additional Product Features:"":""Mobile, 5 IN Swivel Stem Caster, End Loading, Holds (24) 15X20 IN Trays (2 Per Ledge)"",""Product Category:"":""Restaurant Kitchen Equipment"",""Construction:"":""1-Piece"",""Height (IN):"":""69"",""Length (IN):"":""30"",""Width (IN):"":""21"",""Product Type:"":""Tray Rack""}"
"","Seafood Display Rack 9.63X7 IN Metal Wire Chrome Plated 1/Each","SFR7","","","10811642053791","","","","https://www.imperialdade.com/_next/image?url=https%3A%2F%2Fs3.amazonaws.com%2Fimperialdade.com%2Fapps%2Fcatalog%2Fdigital-assets%2F162140%2Fprimary%2F6c1a339a2f2c25b4b7b2cf6c763e3c6a031f20e0-268x268.webp&w=384&q=75","SFR-7","","","https://www.imperialdade.com/catalog/product-detail/seafood-display-rack-9-63x7-in-metal-wire-chrome-plated-1-each-winco-SFR-7?id=162140","","","","","","Imperial Dade","","{""manufacturerCode"":""SFR-7"",""productUrl"":""https://www.imperialdade.com/catalog/product-detail/seafood-display-rack-9-63x7-in-metal-wire-chrome-plated-1-each-winco-SFR-7?id=162140"",""Compostable:"":""No"",""Rapidly Renewable Resource:"":""No"",""Recyclable:"":""Recyclable In Most Areas"",""Material:"":""Metal Wire, Chrome Plated"",""Restaurant Kitchen Equipment Product Type:"":""Display Rack"",""ESP Chemical:"":""False"",""UNSPSC:"":""48101500"",""Product Category:"":""Restaurant Kitchen Equipment"",""Height (IN):"":""7"",""Length (IN):"":""9.63"",""UPC-12:"":""811642053794"",""Product Type:"":""Display Rack""}"
"","Chafer 18.875X19.5X18.25 IN 6 QT Gold Round Stainless Steel With Roll-Top Lid 1/Each","103A","","6 QT","811642033321","","","","https://www.imperialdade.com/_next/image?url=https%3A%2F%2Fs3.amazonaws.com%2Fimperialdade.com%2Fapps%2Fcatalog%2Fdigital-assets%2F401092%2Fprimary%2F1b4246e20b19efb752517d5fe1d86a1314744ad2-268x268.webp&w=384&q=75","103A","","","https://www.imperialdade.com/catalog/product-detail/chafer-18-875x19-5x18-25-in-6-qt-gold-round-stainless-steel-with-roll-top-lid-1-each-winco-103A?id=401092","","","","","","Imperial Dade","","{""manufacturerCode"":""103A"",""productUrl"":""https://www.imperialdade.com/catalog/product-detail/chafer-18-875x19-5x18-25-in-6-qt-gold-round-stainless-steel-with-roll-top-lid-1-each-winco-103A?id=401092"",""Compostable:"":""No"",""Rapidly Renewable Resource:"":""No"",""Recyclable:"":""Recyclable In Most Areas"",""Material:"":""Stainless Steel"",""Color:"":""Gold"",""Restaurant Kitchen Equipment Product Type:"":""Chafer"",""ESP Chemical:"":""False"",""UNSPSC:"":""48101500"",""Lid, Cover & Cap Features:"":""Roll-Top"",""Product Category:"":""Food Cookers & Warmers"",""Height (IN):"":""18.25"",""Length (IN):"":""18.875"",""Product Shape:"":""Round"",""Width (IN):"":""19.5"",""Capacity (OZ):"":""192"",""UPC-12:"":""811642033321"",""Product Type:"":""Chafer""}"
"","Fryer Filter Envelope 20.5X10 IN White Oblong Crepe Paper 1.38 Inch Hole 100 Count/Pack","D2010E5","","","10051098020903","","","","https://www.imperialdade.com/_next/image?url=https%3A%2F%2Fs3.amazonaws.com%2Fimperialdade.com%2Fapps%2Fcatalog%2Fdigital-assets%2F361713%2Fprimary%2F4d1ad109b220776ab0bb3225605a9ce8ae7694f3-268x268.webp&w=384&q=75","D2010E5","","","https://www.imperialdade.com/catalog/product-detail/fryer-filter-envelope-20-5x10-in-white-oblong-crepe-paper-1-38-inch-hole-100-count-pack-cellucap-D2010E5?id=361713","","","","","","Imperial Dade","","{""manufacturerCode"":""D2010E5"",""productUrl"":""https://www.imperialdade.com/catalog/product-detail/fryer-filter-envelope-20-5x10-in-white-oblong-crepe-paper-1-38-inch-hole-100-count-pack-cellucap-D2010E5?id=361713"",""Compostable:"":""Commercially Compostable"",""Rapidly Renewable Resource:"":""No"",""Recyclable:"":""Recyclable In Most Areas"",""Material:"":""Crepe Paper"",""Sustainable Product:"":""Yes"",""Color:"":""White"",""Restaurant Kitchen Equipment Product Type:"":""Fryer Filter Envelope"",""ESP Chemical:"":""False"",""UNSPSC:"":""48101509"",""Product Category:"":""Commercial Fryers & Accessories"",""Foodservice Global Attributes:"":""Disposable"",""Length (IN):"":""20.5"",""Product Shape:"":""Oblong"",""Width (IN):"":""10"",""Restaurant Kitchen Equipment Product Features:"":""1.38 Inch Hole"",""Product Type:"":""Fryer Filter Envelope""}"
"","Fryer Filter Sheet 16.375X24.375 IN Paper 100 Count/Pack 1 Packs/Case 100 Count/Case","FS1638","","","00072288110061","","","","https://www.imperialdade.com/_next/image?url=https%3A%2F%2Fs3.amazonaws.com%2Fimperialdade.com%2Fapps%2Fcatalog%2Fdigital-assets%2F12491%2Fprimary%2F78fb37bb9f0e11c5697c5ff322e78499d15b073a-268x268.webp&w=384&q=75","FS1638","","","https://www.imperialdade.com/catalog/product-detail/fryer-filter-sheet-16-375x24-375-in-paper-100-count-pack-1-packs-case-100-count-case-acr%20(amercareroyal)-FS1638?id=12491","","","","","","Imperial Dade","","{""manufacturerCode"":""FS1638"",""productUrl"":""https://www.imperialdade.com/catalog/product-detail/fryer-filter-sheet-16-375x24-375-in-paper-100-count-pack-1-packs-case-100-count-case-acr%20(amercareroyal)-FS1638?id=12491"",""Compostable:"":""No"",""Rapidly Renewable Resource:"":""No"",""Recyclable:"":""No"",""Material:"":""Paper"",""Restaurant Kitchen Equipment Product Type:"":""Fryer Filter Sheet"",""ESP Chemical:"":""False"",""UNSPSC:"":""48101509"",""Product Category:"":""Commercial Fryers & Accessories"",""Length (IN):"":""16.375"",""Width (IN):"":""24.375"",""Product Type:"":""Fryer Filter Sheet""}"
"","Order Rack 24.25X2.125X0.75 IN Aluminum 1/Each","ODR24N","","","10811642055344","","","","https://www.imperialdade.com/_next/image?url=https%3A%2F%2Fs3.amazonaws.com%2Fimperialdade.com%2Fapps%2Fcatalog%2Fdigital-assets%2F88822%2Fprimary%2F545d52c65382525408904830329ee1fa56e5a630-268x268.webp&w=384&q=75","ODR-24N","","","https://www.imperialdade.com/catalog/product-detail/order-rack-24-25x2-125x0-75-in-aluminum-1-each-winco-ODR-24N?id=88822","","","","","","Imperial Dade","","{""manufacturerCode"":""ODR-24N"",""productUrl"":""https://www.imperialdade.com/catalog/product-detail/order-rack-24-25x2-125x0-75-in-aluminum-1-each-winco-ODR-24N?id=88822"",""Compostable:"":""No"",""Rapidly Renewable Resource:"":""No"",""Recyclable:"":""Recyclable In Most Areas"",""Material:"":""Aluminum"",""Restaurant Kitchen Equipment Product Type:"":""Order Rack"",""ESP Chemical:"":""False"",""UNSPSC:"":""48101500"",""Product Category:"":""Restaurant Kitchen Equipment"",""Height (IN):"":""0.75"",""Length (IN):"":""24.25"",""Width (IN):"":""2.125"",""UPC-12:"":""811642055347"",""Product Type:"":""Order Rack""}"
"","DinexÂ® Plate & Dish Dispenser 9 IN Plates Or 9 IN Bowls 32X36.75 IN Stainless Steel Enclosed 2 Silo 1/Each","DXPIDP2E0912","","","10753806062600","","","","https://www.imperialdade.com/_next/image?url=https%3A%2F%2Fs3.amazonaws.com%2Fimperialdade.com%2Fapps%2Fcatalog%2Fdigital-assets%2F275631%2Fprimary%2F74d71558cf3f8c3117a96bfe0aeaa4692ff4cd52-268x268.webp&w=384&q=75","DXPIDP2E0912","","","https://www.imperialdade.com/catalog/product-detail/dinex-plate-dish-dispenser-9-in-plates-or-9-in-bowls-32x36-75-in-stainless-steel-enclosed-2-silo-1-each-cfs%20brands-DXPIDP2E0912?id=275631","","","","","","Imperial Dade","","{""manufacturerCode"":""DXPIDP2E0912"",""productUrl"":""https://www.imperialdade.com/catalog/product-detail/dinex-plate-dish-dispenser-9-in-plates-or-9-in-bowls-32x36-75-in-stainless-steel-enclosed-2-silo-1-each-cfs%20brands-DXPIDP2E0912?id=275631"",""Compostable:"":""No"",""Rapidly Renewable Resource:"":""No"",""Recyclable:"":""Recyclable In Most Areas"",""Material:"":""Stainless Steel"",""Restaurant Kitchen Equipment Product Type:"":""Plate & Dish Dispenser"",""ESP Chemical:"":""False"",""UNSPSC:"":""48101500"",""Additional Product Features:"":""Enclosed"",""Product Category:"":""Restaurant Kitchen Equipment"",""Height (IN):"":""36.75"",""Length (IN):"":""32"",""Restaurant Kitchen Equipment Product Features:"":""2 Silo"",""Product Type:"":""Plate & Dish Dispenser""}"
"","Induction Cooktop 21.0625X18X8.1875 IN Stainless Steel 120V 15Amp Digital Countertop 1/Each","EICS18","","","10842169143542","","","","https://www.imperialdade.com/_next/image?url=https%3A%2F%2Fs3.amazonaws.com%2Fimperialdade.com%2Fapps%2Fcatalog%2Fdigital-assets%2F395085%2Fprimary%2F5ae7f6eee50c0b7ae1989e0272b097bfb39cae1e-268x268.webp&w=384&q=75","EICS-18","","","https://www.imperialdade.com/catalog/product-detail/induction-cooktop-21-0625x18x8-1875-in-stainless-steel-120v-15amp-digital-countertop-1-each-winco-EICS-18?id=395085","","","","","","Imperial Dade","","{""manufacturerCode"":""EICS-18"",""productUrl"":""https://www.imperialdade.com/catalog/product-detail/induction-cooktop-21-0625x18x8-1875-in-stainless-steel-120v-15amp-digital-countertop-1-each-winco-EICS-18?id=395085"",""Compostable:"":""No"",""Rapidly Renewable Resource:"":""No"",""Recyclable:"":""Recyclable In Most Areas"",""Material:"":""Stainless Steel"",""Restaurant Kitchen Equipment Product Type:"":""Induction Cooktop"",""ESP Chemical:"":""False"",""UNSPSC:"":""48101500"",""Additional Product Features:"":""120V, 15Amp, Digital, Countertop"",""Product Category:"":""Food Cookers & Warmers"",""Height (IN):"":""8.1875"",""Length (IN):"":""21.0625"",""Width (IN):"":""18"",""UPC-12:"":""842169143545"",""Product Type:"":""Induction Cooktop""}"
"","Pasta Cooker 2X17.875X7 IN 20 QT Aluminum Heavyweight 1/Each","APS20","","20 QT","811642000583","","","","https://www.imperialdade.com/_next/image?url=https%3A%2F%2Fs3.amazonaws.com%2Fimperialdade.com%2Fapps%2Fcatalog%2Fdigital-assets%2F55017%2Fprimary%2F25f3382d59e02a27d82e1895e9a8fcfd84310162-268x268.webp&w=384&q=75","APS-20","","","https://www.imperialdade.com/catalog/product-detail/pasta-cooker-2x17-875x7-in-20-qt-aluminum-heavyweight-1-each-winco-APS-20?id=55017","","","","","","Imperial Dade","","{""manufacturerCode"":""APS-20"",""productUrl"":""https://www.imperialdade.com/catalog/product-detail/pasta-cooker-2x17-875x7-in-20-qt-aluminum-heavyweight-1-each-winco-APS-20?id=55017"",""Compostable:"":""No"",""Rapidly Renewable Resource:"":""No"",""Recyclable:"":""Recyclable In Most Areas"",""Material:"":""Aluminum"",""Restaurant Kitchen Equipment Product Type:"":""Pasta Cooker"",""ESP Chemical:"":""False"",""UNSPSC:"":""23181703"",""Additional Product Features:"":""Heavyweight"",""Product Category:"":""Food Cookers & Warmers"",""Handle:"":""With Handle"",""Height (IN):"":""7"",""Length (IN):"":""2"",""Material Thickness (mm):"":""3.5, 0.7"",""Width (IN):"":""17.875"",""Capacity (OZ):"":""640"",""UPC-12:"":""811642000583"",""Product Type:"":""Pasta Cooker""}"
"","Food Pan Warmer 14.63X22.5X9.375 IN Stainless Steel 120V 1200 Watts Electric 20IN X 12IN Opening Portable 1/Each","FWS500","","","","","","","https://www.imperialdade.com/_next/image?url=https%3A%2F%2Fs3.amazonaws.com%2Fimperialdade.com%2Fapps%2Fcatalog%2Fdigital-assets%2F163746%2Fprimary%2F83d8c4f34f1f750c4546b73deb6975ffb2458c2f-268x268.webp&w=384&q=75","FW-S500","","","https://www.imperialdade.com/catalog/product-detail/food-pan-warmer-14-63x22-5x9-375-in-stainless-steel-120v-1200-watts-electric-20in-x-12in-opening-portable-1-each-winco-FW-S500?id=163746","","","","","","Imperial Dade","","{""manufacturerCode"":""FW-S500"",""productUrl"":""https://www.imperialdade.com/catalog/product-detail/food-pan-warmer-14-63x22-5x9-375-in-stainless-steel-120v-1200-watts-electric-20in-x-12in-opening-portable-1-each-winco-FW-S500?id=163746"",""Compostable:"":""No"",""Rapidly Renewable Resource:"":""No"",""Recyclable:"":""Recyclable In Most Areas"",""Material:"":""Stainless Steel"",""Restaurant Kitchen Equipment Product Type:"":""Food Pan Warmer"",""ESP Chemical:"":""False"",""UNSPSC:"":""48101500"",""Additional Product Features:"":""120V, 1200 Watts, Electric, 20IN X 12IN Opening, Portable, Heavy Duty"",""Product Category:"":""Food Cookers & Warmers"",""Height (IN):"":""9.375"",""Length (IN):"":""14.63"",""Width (IN):"":""22.5"",""UPC-12:"":""842169112879"",""Product Type:"":""Food Pan Warmer""}"
"","Fry Basket 10.438X5.313 IN Round Metal Wire 1/Each","FBR11","","","10811642001723","","","","https://www.imperialdade.com/_next/image?url=https%3A%2F%2Fs3.amazonaws.com%2Fimperialdade.com%2Fapps%2Fcatalog%2Fdigital-assets%2F371104%2Fprimary%2F4f9827efdc3f303803b737f8ec6fd43abb7a027f-268x268.webp&w=384&q=75","FBR-11","","","https://www.imperialdade.com/catalog/product-detail/fry-basket-10-438x5-313-in-round-metal-wire-1-each-winco-FBR-11?id=371104","","","","","","Imperial Dade","","{""manufacturerCode"":""FBR-11"",""productUrl"":""https://www.imperialdade.com/catalog/product-detail/fry-basket-10-438x5-313-in-round-metal-wire-1-each-winco-FBR-11?id=371104"",""Compostable:"":""No"",""Rapidly Renewable Resource:"":""No"",""Handle Length (IN):"":""9"",""Recyclable:"":""Recyclable In Most Areas"",""Material:"":""Metal Wire"",""Sustainable Product:"":""Yes"",""National Sanitation Foundation (NSF) Certification:"":""NSF Listed"",""Restaurant Kitchen Equipment Product Type:"":""Fry Basket"",""Smallwares Product Type:"":""Fry Basket"",""ESP Chemical:"":""False"",""UNSPSC:"":""48101509"",""Product Category:"":""Commercial Fryers & Accessories"",""Diameter (IN):"":""10.438"",""Height (IN):"":""5.313"",""Product Shape:"":""Round"",""UPC-12:"":""811642001726"",""Product Type:"":""Fry Basket, Fry Basket""}"
"","Food Processor 3 QT Commercial Continuous Feed 1/Each","R2N","","3 QT","","","","","https://www.imperialdade.com/_next/image?url=https%3A%2F%2Fs3.amazonaws.com%2Fimperialdade.com%2Fapps%2Fcatalog%2Fdigital-assets%2F405236%2Fprimary%2F6501f1f09db22a088f4798028cd2b09e2a546c67-268x268.webp&w=384&q=75","R2N","","","https://www.imperialdade.com/catalog/product-detail/food-processor-3-qt-commercial-continuous-feed-1-each-robot-coupe-R2N?id=405236","","","","","","Imperial Dade","","{""manufacturerCode"":""R2N"",""productUrl"":""https://www.imperialdade.com/catalog/product-detail/food-processor-3-qt-commercial-continuous-feed-1-each-robot-coupe-R2N?id=405236"",""Restaurant Kitchen Equipment Product Type:"":""Food Processor"",""ESP Chemical:"":""False"",""UNSPSC:"":""48101500"",""Additional Product Features:"":""Commercial, Continuous Feed"",""Product Category:"":""Restaurant Kitchen Equipment"",""Capacity (OZ):"":""96"",""Product Type:"":""Food Processor""}"
"","Soup Warmer 7 QT Round Stainless Steel 1/Set","207","","7 QT","","","","","https://www.imperialdade.com/_next/image?url=https%3A%2F%2Fs3.amazonaws.com%2Fimperialdade.com%2Fapps%2Fcatalog%2Fdigital-assets%2F78580%2Fprimary%2F1ed147267ea591a6cda99e402d86d0d6ef053259-268x268.webp&w=384&q=75","207","","","https://www.imperialdade.com/catalog/product-detail/soup-warmer-7-qt-round-stainless-steel-1-set-winco-207?id=78580","","","","","","Imperial Dade","","{""manufacturerCode"":""207"",""productUrl"":""https://www.imperialdade.com/catalog/product-detail/soup-warmer-7-qt-round-stainless-steel-1-set-winco-207?id=78580"",""Compostable:"":""No"",""Rapidly Renewable Resource:"":""No"",""Recyclable:"":""Recyclable In Most Areas"",""Material:"":""Stainless Steel"",""Restaurant Kitchen Equipment Product Type:"":""Soup Warmer"",""ESP Chemical:"":""False"",""UNSPSC:"":""48101500"",""Product Category:"":""Food Cookers & Warmers"",""Product Shape:"":""Round"",""Capacity (OZ):"":""224"",""UPC-12:"":""842169105086"",""Product Type:"":""Soup Warmer""}"
"","Soup Warmer 12.875X14.5X15.5 IN 11 QT Round Stainless Steel 1/Set","211","","11 QT","","","","","https://www.imperialdade.com/_next/image?url=https%3A%2F%2Fs3.amazonaws.com%2Fimperialdade.com%2Fapps%2Fcatalog%2Fdigital-assets%2F78581%2Fprimary%2Faa124988151d43ab4de2f8b36577b757db84096b-268x268.webp&w=384&q=75","211","","","https://www.imperialdade.com/catalog/product-detail/soup-warmer-12-875x14-5x15-5-in-11-qt-round-stainless-steel-1-set-winco-211?id=78581","","","","","","Imperial Dade","","{""manufacturerCode"":""211"",""productUrl"":""https://www.imperialdade.com/catalog/product-detail/soup-warmer-12-875x14-5x15-5-in-11-qt-round-stainless-steel-1-set-winco-211?id=78581"",""Compostable:"":""No"",""Rapidly Renewable Resource:"":""No"",""Recyclable:"":""Recyclable In Most Areas"",""Material:"":""Stainless Steel"",""Restaurant Kitchen Equipment Product Type:"":""Soup Warmer"",""ESP Chemical:"":""False"",""UNSPSC:"":""48101500"",""Product Category:"":""Food Cookers & Warmers"",""Height (IN):"":""15.5"",""Length (IN):"":""12.875"",""Product Shape:"":""Round"",""Width (IN):"":""14.5"",""Capacity (OZ):"":""352"",""UPC-12:"":""842169105109"",""Product Type:"":""Soup Warmer""}"
"","Fryer Filter Sheet Round With Hole 100/Case","D2178D4","","","","","","","https://www.imperialdade.com/_next/image?url=https%3A%2F%2Fs3.amazonaws.com%2Fimperialdade.com%2Fapps%2Fcatalog%2Fdigital-assets%2F102302%2Fprimary%2F49b4c117456bb9ed5e9a8dd53df0bd12d2abed98-268x268.webp&w=384&q=75","D2178D4","","","https://www.imperialdade.com/catalog/product-detail/fryer-filter-sheet-round-with-hole-100-case-buccaneer%20brokerage-D2178D4?id=102302","","","","","","Imperial Dade","","{""manufacturerCode"":""D2178D4"",""productUrl"":""https://www.imperialdade.com/catalog/product-detail/fryer-filter-sheet-round-with-hole-100-case-buccaneer%20brokerage-D2178D4?id=102302"",""Restaurant Kitchen Equipment Product Type:"":""Fryer Filter Sheet"",""ESP Chemical:"":""False"",""UNSPSC:"":""48101509"",""Additional Product Features:"":""With Hole"",""Product Category:"":""Commercial Fryers & Accessories"",""Product Shape:"":""Round"",""Product Type:"":""Fryer Filter Sheet""}"
"","Seafood Rack 9.63X7.5X4.38 IN Chrome Plated Metal Wire Display 1/Each","SFR4","","","10811642053784","","","","https://www.imperialdade.com/_next/image?url=https%3A%2F%2Fs3.amazonaws.com%2Fimperialdade.com%2Fapps%2Fcatalog%2Fdigital-assets%2F162139%2Fprimary%2Fb331b6add12b8c08e6404e05ebcf6537862f2c01-268x268.webp&w=384&q=75","SFR-4","","","https://www.imperialdade.com/catalog/product-detail/seafood-rack-9-63x7-5x4-38-in-chrome-plated-metal-wire-display-1-each-winco-SFR-4?id=162139","","","","","","Imperial Dade","","{""manufacturerCode"":""SFR-4"",""productUrl"":""https://www.imperialdade.com/catalog/product-detail/seafood-rack-9-63x7-5x4-38-in-chrome-plated-metal-wire-display-1-each-winco-SFR-4?id=162139"",""Compostable:"":""No"",""Rapidly Renewable Resource:"":""No"",""Recyclable:"":""Check Locally"",""Material:"":""Chrome Plated, Metal Wire"",""Restaurant Kitchen Equipment Product Type:"":""Rack"",""ESP Chemical:"":""False"",""UNSPSC:"":""48101500"",""Additional Product Features:"":""Display"",""Product Category:"":""Restaurant Kitchen Equipment"",""Height (IN):"":""4.38"",""Length (IN):"":""9.63"",""Width (IN):"":""7.5"",""UPC-12:"":""811642053787"",""Product Type:"":""Rack""}"
"","Sheet Pan Truck 28.875X20.625X33.375 IN Aluminum High Capacity Heavy Duty Swivel Casters 1/Each","ALRK3","","","811642034656","","","","https://www.imperialdade.com/_next/image?url=https%3A%2F%2Fs3.amazonaws.com%2Fimperialdade.com%2Fapps%2Fcatalog%2Fdigital-assets%2F165475%2Fprimary%2F5dd654c817a3680624bcd0db9f06cce2ba0772a7-268x268.webp&w=384&q=75","ALRK-3","","","https://www.imperialdade.com/catalog/product-detail/sheet-pan-truck-28-875x20-625x33-375-in-aluminum-high-capacity-heavy-duty-swivel-casters-1-each-winco-ALRK-3?id=165475","","","","","","Imperial Dade","","{""manufacturerCode"":""ALRK-3"",""productUrl"":""https://www.imperialdade.com/catalog/product-detail/sheet-pan-truck-28-875x20-625x33-375-in-aluminum-high-capacity-heavy-duty-swivel-casters-1-each-winco-ALRK-3?id=165475"",""Compostable:"":""No"",""Rapidly Renewable Resource:"":""No"",""Recyclable:"":""Check Locally"",""Material:"":""Aluminum"",""Restaurant Kitchen Equipment Product Type:"":""Sheet Pan Truck"",""ESP Chemical:"":""False"",""UNSPSC:"":""48101500"",""Additional Product Features:"":""High Capacity, Heavy Duty, Swivel Casters"",""Product Category:"":""Restaurant Kitchen Equipment"",""Height (IN):"":""33.375"",""Length (IN):"":""28.875"",""Width (IN):"":""20.625"",""UPC-12:"":""811642034656"",""Product Type:"":""Sheet Pan Truck""}"
"","Spectrum Natural Gas Hot Plate 24X34.125X15 IN Stainless Steel Countertop 4-Burner 1/Each","NGHP4","","","","","","","https://www.imperialdade.com/_next/image?url=https%3A%2F%2Fs3.amazonaws.com%2Fimperialdade.com%2Fapps%2Fcatalog%2Fdigital-assets%2F398121%2Fprimary%2F1c6f6a137bcb6cf2477915662846a4964f5fcda9-268x268.webp&w=384&q=75","NGHP-4","","","https://www.imperialdade.com/catalog/product-detail/spectrum-natural-gas-hot-plate-24x34-125x15-in-stainless-steel-countertop-4-burner-1-each-winco-NGHP-4?id=398121","","","","","","Imperial Dade","","{""manufacturerCode"":""NGHP-4"",""productUrl"":""https://www.imperialdade.com/catalog/product-detail/spectrum-natural-gas-hot-plate-24x34-125x15-in-stainless-steel-countertop-4-burner-1-each-winco-NGHP-4?id=398121"",""Compostable:"":""No"",""Rapidly Renewable Resource:"":""No"",""Recyclable:"":""Recyclable In Most Areas"",""Material:"":""Stainless Steel"",""Restaurant Kitchen Equipment Product Type:"":""Natural Gas Hot Plate"",""ESP Chemical:"":""False"",""UNSPSC:"":""48101500"",""Additional Product Features:"":""Countertop, 4-Burner"",""Product Category:"":""Food Cookers & Warmers"",""Height (IN):"":""15"",""Length (IN):"":""24"",""Width (IN):"":""34.125"",""UPC-12:"":""842169138640"",""Product Type:"":""Natural Gas Hot Plate""}"
"","Spectrum Natural Gas Hot Plate 36X34.125X15 IN Stainless Steel 6-Burner Countertop 1/Each","NGHP6","","","","","","","https://www.imperialdade.com/_next/image?url=https%3A%2F%2Fs3.amazonaws.com%2Fimperialdade.com%2Fapps%2Fcatalog%2Fdigital-assets%2F405364%2Fprimary%2Ff4d0546f0ab495f446bfc0b9a4666908fa9b529a-268x268.webp&w=384&q=75","NGHP-6","","","https://www.imperialdade.com/catalog/product-detail/spectrum-natural-gas-hot-plate-36x34-125x15-in-stainless-steel-6-burner-countertop-1-each-winco-NGHP-6?id=405364","","","","","","Imperial Dade","","{""manufacturerCode"":""NGHP-6"",""productUrl"":""https://www.imperialdade.com/catalog/product-detail/spectrum-natural-gas-hot-plate-36x34-125x15-in-stainless-steel-6-burner-countertop-1-each-winco-NGHP-6?id=405364"",""Compostable:"":""No"",""Rapidly Renewable Resource:"":""No"",""Recyclable:"":""Recyclable In Most Areas"",""Material:"":""Stainless Steel"",""Restaurant Kitchen Equipment Product Type:"":""Natural Gas Hot Plate"",""ESP Chemical:"":""False"",""UNSPSC:"":""48101500"",""Additional Product Features:"":""6-Burner, Countertop"",""Product Category:"":""Food Cookers & Warmers"",""Height (IN):"":""15"",""Length (IN):"":""36"",""Width (IN):"":""34.125"",""UPC-12:"":""842169138657"",""Product Type:"":""Natural Gas Hot Plate""}"
"","Mirage Cadet Induction Cooktop 120V 1800W 1/Each","59300","","","","","","","https://www.imperialdade.com/_next/image?url=https%3A%2F%2Fs3.amazonaws.com%2Fimperialdade.com%2Fapps%2Fcatalog%2Fdigital-assets%2F50045%2Fprimary%2F127a42d37da337c5ef83d84d45355e9c0453d855-268x268.webp&w=384&q=75","59300","","","https://www.imperialdade.com/catalog/product-detail/mirage-cadet-induction-cooktop-120v-1800w-1-each-vollrath-59300?id=50045","","","","","","Imperial Dade","","{""manufacturerCode"":""59300"",""productUrl"":""https://www.imperialdade.com/catalog/product-detail/mirage-cadet-induction-cooktop-120v-1800w-1-each-vollrath-59300?id=50045"",""Restaurant Kitchen Equipment Product Type:"":""Induction Cooktop"",""ESP Chemical:"":""False"",""UNSPSC:"":""48101500"",""Additional Product Features:"":""120V, 1800W"",""Product Category:"":""Food Cookers & Warmers"",""UPC-12:"":""029419829187"",""Product Type:"":""Induction Cooktop""}"
"","Cup & Lid Organizer 8.5X8.625X12.25 IN Plastic 2-Tier 2-Stack 1/Each","CLO2D","","","10811642042467","","","","https://www.imperialdade.com/_next/image?url=https%3A%2F%2Fs3.amazonaws.com%2Fimperialdade.com%2Fapps%2Fcatalog%2Fdigital-assets%2F55373%2Fprimary%2Fcfc36a3164c3b983d9573d4ede5989c8233ec403-268x268.webp&w=384&q=75","CLO-2D","","","https://www.imperialdade.com/catalog/product-detail/cup-lid-organizer-8-5x8-625x12-25-in-plastic-2-tier-2-stack-1-each-winco-CLO-2D?id=55373","","","","","","Imperial Dade","","{""manufacturerCode"":""CLO-2D"",""productUrl"":""https://www.imperialdade.com/catalog/product-detail/cup-lid-organizer-8-5x8-625x12-25-in-plastic-2-tier-2-stack-1-each-winco-CLO-2D?id=55373"",""Compostable:"":""No"",""Rapidly Renewable Resource:"":""No"",""Recyclable:"":""No"",""Material:"":""Plastic"",""Restaurant Kitchen Equipment Product Type:"":""Cup & Lid Organizer"",""ESP Chemical:"":""False"",""UNSPSC:"":""48101500"",""Additional Product Features:"":""2-Tier, 2-Stack"",""Product Category:"":""Restaurant Kitchen Equipment"",""Height (IN):"":""12.25"",""Length (IN):"":""8.5"",""Width (IN):"":""8.625"",""UPC-12:"":""811642042460"",""Product Type:"":""Cup & Lid Organizer""}"
"","Cooker & Warmer 14.75X14.75X12.1875 IN 11 QT Round Stainless Steel 120V 1250 Watts 1/Each","FW11R500","","11 QT","842169100661","","","","https://www.imperialdade.com/_next/image?url=https%3A%2F%2Fs3.amazonaws.com%2Fimperialdade.com%2Fapps%2Fcatalog%2Fdigital-assets%2F87577%2Fprimary%2F3a8b5c7295de89927f5949a59199e21ad4cc360f-268x268.webp&w=384&q=75","FW-11R500","","","https://www.imperialdade.com/catalog/product-detail/cooker-warmer-14-75x14-75x12-1875-in-11-qt-round-stainless-steel-120v-1250-watts-1-each-winco-FW-11R500?id=87577","","","","","","Imperial Dade","","{""manufacturerCode"":""FW-11R500"",""productUrl"":""https://www.imperialdade.com/catalog/product-detail/cooker-warmer-14-75x14-75x12-1875-in-11-qt-round-stainless-steel-120v-1250-watts-1-each-winco-FW-11R500?id=87577"",""Compostable:"":""No"",""Rapidly Renewable Resource:"":""No"",""Recyclable:"":""Recyclable In Most Areas"",""Material:"":""Stainless Steel"",""Restaurant Kitchen Equipment Product Type:"":""Cooker & Warmer"",""ESP Chemical:"":""False"",""UNSPSC:"":""48101500"",""Additional Product Features:"":""120V, 1250 Watts"",""Product Category:"":""Food Cookers & Warmers"",""Height (IN):"":""12.1875"",""Length (IN):"":""14.75"",""Product Shape:"":""Round"",""Width (IN):"":""14.75"",""Capacity (OZ):"":""352"",""UPC-12:"":""842169100661"",""Product Type:"":""Cooker & Warmer""}"
"","Fryer Filter Cone 10 IN Paper 10 Count/Pack 500 Packs/Case 5000 Count/Case","AFC1050","","","","","","","https://www.imperialdade.com/_next/image?url=https%3A%2F%2Fs3.amazonaws.com%2Fimperialdade.com%2Fapps%2Fcatalog%2Fdigital-assets%2F109839%2Fprimary%2Fa3281700334a9057be4c9032b366a038e5240137-268x268.webp&w=384&q=75","AFC-1050","","","https://www.imperialdade.com/catalog/product-detail/fryer-filter-cone-10-in-paper-10-count-pack-500-packs-case-5000-count-case-callico%20distributors-AFC-1050?id=109839","","","","","","Imperial Dade","","{""manufacturerCode"":""AFC-1050"",""productUrl"":""https://www.imperialdade.com/catalog/product-detail/fryer-filter-cone-10-in-paper-10-count-pack-500-packs-case-5000-count-case-callico%20distributors-AFC-1050?id=109839"",""Compostable:"":""No"",""Rapidly Renewable Resource:"":""No"",""Recyclable:"":""No"",""Material:"":""Paper"",""Restaurant Kitchen Equipment Product Type:"":""Fryer Filter Cone"",""ESP Chemical:"":""False"",""UNSPSC:"":""48101509"",""Product Category:"":""Commercial Fryers & Accessories"",""Diameter (IN):"":""10"",""Product Type:"":""Fryer Filter Cone""}"
"","Tortilla Warmer 8.5X2.625 IN Brown Plastic 1/Each","PTW8","","","10811642024869","","","","https://www.imperialdade.com/_next/image?url=https%3A%2F%2Fs3.amazonaws.com%2Fimperialdade.com%2Fapps%2Fcatalog%2Fdigital-assets%2F113580%2Fprimary%2Faa4caa85365f48d64ed0830d32f8692b6019cf09-268x268.webp&w=384&q=75","PTW-8","","","https://www.imperialdade.com/catalog/product-detail/tortilla-warmer-8-5x2-625-in-brown-plastic-1-each-winco-PTW-8?id=113580","","","","","","Imperial Dade","","{""manufacturerCode"":""PTW-8"",""productUrl"":""https://www.imperialdade.com/catalog/product-detail/tortilla-warmer-8-5x2-625-in-brown-plastic-1-each-winco-PTW-8?id=113580"",""Compostable:"":""No"",""Rapidly Renewable Resource:"":""No"",""BPA Free:"":""True"",""Recyclable:"":""No"",""Material:"":""Plastic"",""Sustainable Product:"":""Yes"",""Color:"":""Brown"",""National Sanitation Foundation (NSF) Certification:"":""NSF Listed"",""Restaurant Kitchen Equipment Product Type:"":""Tortilla Warmer"",""ESP Chemical:"":""False"",""UNSPSC:"":""23181703"",""Product Category:"":""Food Cookers & Warmers"",""Diameter (IN):"":""8.5"",""Height (IN):"":""2.625"",""UPC-12:"":""842169121505"",""Product Type:"":""Tortilla Warmer""}"
"","Electric Deep Fryer 21.25X16X13.625 IN 32 LB Stainless Steel 120V Twin Well 1/Each","EFT32","","32 LB","811642033475","","","","https://www.imperialdade.com/_next/image?url=https%3A%2F%2Fs3.amazonaws.com%2Fimperialdade.com%2Fapps%2Fcatalog%2Fdigital-assets%2F162138%2Fprimary%2F76c5dd9f675e2793402c8e9fe441523cd02a54fa-268x268.webp&w=384&q=75","EFT-32","","","https://www.imperialdade.com/catalog/product-detail/electric-deep-fryer-21-25x16x13-625-in-32-lb-stainless-steel-120v-twin-well-1-each-winco-EFT-32?id=162138","","","","","","Imperial Dade","","{""manufacturerCode"":""EFT-32"",""productUrl"":""https://www.imperialdade.com/catalog/product-detail/electric-deep-fryer-21-25x16x13-625-in-32-lb-stainless-steel-120v-twin-well-1-each-winco-EFT-32?id=162138"",""Compostable:"":""No"",""Rapidly Renewable Resource:"":""No"",""Recyclable:"":""Recyclable In Most Areas"",""Material:"":""Stainless Steel"",""Restaurant Kitchen Equipment Product Type:"":""Electric Deep Fryer"",""ESP Chemical:"":""False"",""UNSPSC:"":""48101509"",""Additional Product Features:"":""120V, Twin Well"",""Product Category:"":""Commercial Fryers & Accessories"",""Height (IN):"":""13.625"",""Length (IN):"":""21.25"",""Width (IN):"":""16"",""Capacity (OZ):"":""512"",""UPC-12:"":""811642033475"",""Product Type:"":""Electric Deep Fryer""}"
"","Fry Basket 9.625X4.9375 IN Metal Wire 1/Each","FBR9","","","10812944009868","","","","https://www.imperialdade.com/_next/image?url=https%3A%2F%2Fs3.amazonaws.com%2Fimperialdade.com%2Fapps%2Fcatalog%2Fdigital-assets%2F164319%2Fprimary%2F1d921196179c21ddddd59587bb93de2d3d20aed7-268x268.webp&w=384&q=75","FBR-9","","","https://www.imperialdade.com/catalog/product-detail/fry-basket-9-625x4-9375-in-metal-wire-1-each-winco-FBR-9?id=164319","","","","","","Imperial Dade","","{""manufacturerCode"":""FBR-9"",""productUrl"":""https://www.imperialdade.com/catalog/product-detail/fry-basket-9-625x4-9375-in-metal-wire-1-each-winco-FBR-9?id=164319"",""Compostable:"":""No"",""Rapidly Renewable Resource:"":""No"",""Handle Length (IN):"":""7.25"",""Recyclable:"":""Recyclable In Most Areas"",""Material:"":""Metal Wire"",""Smallwares Product Type:"":""Fry Basket"",""ESP Chemical:"":""False"",""UNSPSC:"":""48101509"",""Product Category:"":""Commercial Fryers & Accessories"",""Diameter (IN):"":""9.625"",""Height (IN):"":""4.9375"",""UPC-12:"":""812944009861"",""Product Type:"":""Fry Basket""}"
"","Hood Filter 20X16X1.5 IN Stainless Steel Vertical 1/Each","HFS1620","","","10842169113743","","","","https://www.imperialdade.com/_next/image?url=https%3A%2F%2Fs3.amazonaws.com%2Fimperialdade.com%2Fapps%2Fcatalog%2Fdigital-assets%2F166045%2Fprimary%2F7fc288eb34650add6d62b2d67438131875565607-268x268.webp&w=384&q=75","HFS-1620","","","https://www.imperialdade.com/catalog/product-detail/hood-filter-20x16x1-5-in-stainless-steel-vertical-1-each-winco-HFS-1620?id=166045","","","","","","Imperial Dade","","{""manufacturerCode"":""HFS-1620"",""productUrl"":""https://www.imperialdade.com/catalog/product-detail/hood-filter-20x16x1-5-in-stainless-steel-vertical-1-each-winco-HFS-1620?id=166045"",""Compostable:"":""No"",""Rapidly Renewable Resource:"":""No"",""Recyclable:"":""Recyclable In Most Areas"",""Material:"":""Stainless Steel"",""Restaurant Kitchen Equipment Product Type:"":""Hood Filter"",""ESP Chemical:"":""False"",""UNSPSC:"":""48101500"",""Additional Product Features:"":""Vertical"",""Product Category:"":""Restaurant Kitchen Equipment"",""Foodservice Global Attributes:"":""Dishwasher Safe"",""Height (IN):"":""1.5"",""Length (IN):"":""20"",""Width (IN):"":""16"",""UPC-12:"":""842169113746"",""Product Type:"":""Hood Filter""}"
"","Panini Grill 16.13X9.75 IN Stainless Steel 120V 1750W 14.5 Amperes Ribbed 1/Each","EPG1C","","","","","","","https://www.imperialdade.com/_next/image?url=https%3A%2F%2Fs3.amazonaws.com%2Fimperialdade.com%2Fapps%2Fcatalog%2Fdigital-assets%2F166465%2Fprimary%2F02ff3a118e717220b05fde2b47df92c7597804a2-268x268.webp&w=384&q=75","EPG-1C","","","https://www.imperialdade.com/catalog/product-detail/panini-grill-16-13x9-75-in-stainless-steel-120v-1750w-14-5-amperes-ribbed-1-each-winco-EPG-1C?id=166465","","","","","","Imperial Dade","","{""manufacturerCode"":""EPG-1C"",""productUrl"":""https://www.imperialdade.com/catalog/product-detail/panini-grill-16-13x9-75-in-stainless-steel-120v-1750w-14-5-amperes-ribbed-1-each-winco-EPG-1C?id=166465"",""Compostable:"":""No"",""Rapidly Renewable Resource:"":""No"",""Recyclable:"":""Recyclable In Most Areas"",""Material:"":""Stainless Steel"",""Restaurant Kitchen Equipment Product Type:"":""Panini Grill"",""ESP Chemical:"":""False"",""UNSPSC:"":""48101500"",""Additional Product Features:"":""120V, 1750W, 14.5 Amperes , Ribbed"",""Product Category:"":""Food Cookers & Warmers"",""Height (IN):"":""9.75"",""Length (IN):"":""16.13"",""UPC-12:"":""842169132907"",""Product Type:"":""Panini Grill""}"
"","Stove Burner Liner Large (LG) 7.75X8X12X16 IN Silver Foil 0.0206GA 500/Case","6200L","","","","","","","https://www.imperialdade.com/_next/image?url=https%3A%2F%2Fs3.amazonaws.com%2Fimperialdade.com%2Fapps%2Fcms%2Fmedia-lib%2Ficons%2Fdefault-thumbnail.png&w=384&q=75","6200L","","","https://www.imperialdade.com/catalog/product-detail/stove-burner-liner-large-lg-7-75x8x12x16-in-silver-foil-0-0206ga-500-case-durable%20packaging-6200L?id=176506","","","","","","Imperial Dade","","{""manufacturerCode"":""6200L"",""productUrl"":""https://www.imperialdade.com/catalog/product-detail/stove-burner-liner-large-lg-7-75x8x12x16-in-silver-foil-0-0206ga-500-case-durable%20packaging-6200L?id=176506"",""Compostable:"":""No"",""Rapidly Renewable Resource:"":""No"",""Recyclable:"":""Recyclable In Most Areas"",""Material:"":""Foil"",""Sustainable Product:"":""Yes"",""Color:"":""Silver"",""Restaurant Kitchen Equipment Product Type:"":""Stove Burner Liner"",""ESP Chemical:"":""False"",""UNSPSC:"":""48101500"",""Product Category:"":""Restaurant Kitchen Equipment"",""Diameter (IN):"":""7.75"",""Height (IN):"":""16"",""Length (IN):"":""8"",""Material Thickness (Gauge):"":""0.0206"",""Product Size:"":""Large (LG)"",""Width (IN):"":""12"",""Product Type:"":""Stove Burner Liner""}"
"","Stove Burner Liner 6.13 IN Silver Foil 900/Case","6200S","","","","","","","https://www.imperialdade.com/_next/image?url=https%3A%2F%2Fs3.amazonaws.com%2Fimperialdade.com%2Fapps%2Fcatalog%2Fdigital-assets%2F176507%2Fprimary%2F89e681365da2299e30e75280089a9dd60d643baa-268x268.webp&w=384&q=75","6200S","","","https://www.imperialdade.com/catalog/product-detail/stove-burner-liner-6-13-in-silver-foil-900-case-durable%20packaging-6200S?id=176507","","","","","","Imperial Dade","","{""manufacturerCode"":""6200S"",""productUrl"":""https://www.imperialdade.com/catalog/product-detail/stove-burner-liner-6-13-in-silver-foil-900-case-durable%20packaging-6200S?id=176507"",""Compostable:"":""No"",""Rapidly Renewable Resource:"":""No"",""Recyclable:"":""Recyclable In Most Areas"",""Material:"":""Foil"",""Sustainable Product:"":""Yes"",""Color:"":""Silver"",""Restaurant Kitchen Equipment Product Type:"":""Stove Burner Liner"",""ESP Chemical:"":""False"",""UNSPSC:"":""48101500"",""Product Category:"":""Restaurant Kitchen Equipment"",""Diameter (IN):"":""6.13"",""Product Type:"":""Stove Burner Liner""}"
"","DinexÂ® Refrigerator 27.88X43X77.25 IN Stainless Steel Temperature Control Quick Cooling Swing Door Corner Bumpers 1/Each","DXPACR15R","","","10753806075181","","","","https://www.imperialdade.com/_next/image?url=https%3A%2F%2Fs3.amazonaws.com%2Fimperialdade.com%2Fapps%2Fcatalog%2Fdigital-assets%2F265675%2Fprimary%2Febb4a96d936d3fae6e651f84210cce55436dd772-268x268.webp&w=384&q=75","DXPACR15R","","","https://www.imperialdade.com/catalog/product-detail/dinex-refrigerator-27-88x43x77-25-in-stainless-steel-temperature-control-quick-cooling-swing-door-corner-bumpers-1-each-cfs%20brands-DXPACR15R?id=265675","","","","","","Imperial Dade","","{""manufacturerCode"":""DXPACR15R"",""productUrl"":""https://www.imperialdade.com/catalog/product-detail/dinex-refrigerator-27-88x43x77-25-in-stainless-steel-temperature-control-quick-cooling-swing-door-corner-bumpers-1-each-cfs%20brands-DXPACR15R?id=265675"",""Compostable:"":""No"",""Rapidly Renewable Resource:"":""No"",""Recyclable:"":""Recyclable In Most Areas"",""Material:"":""Stainless Steel"",""Restaurant Kitchen Equipment Product Type:"":""Refrigerator"",""ESP Chemical:"":""False"",""UNSPSC:"":""48101500"",""Product Category:"":""Restaurant Kitchen Equipment"",""Height (IN):"":""77.25"",""Length (IN):"":""27.88"",""Width (IN):"":""43"",""Restaurant Kitchen Equipment Product Features:"":""Temperature Control, Quick Cooling, Swing Door, Rolling Casters, Corner Bumpers, Eco-Friendly"",""Product Type:"":""Refrigerator""}"
"","Fry Basket Mini 4X3X3 IN Rectangle 18/8 Stainless Steel 1/Each","FBM433T","","","10811642053845","","","","https://www.imperialdade.com/_next/image?url=https%3A%2F%2Fs3.amazonaws.com%2Fimperialdade.com%2Fapps%2Fcatalog%2Fdigital-assets%2F27224%2Fprimary%2Fcc9238e676380e5e63c8367589cc784156bbc0ff-268x268.webp&w=384&q=75","FBM-433T","","","https://www.imperialdade.com/catalog/product-detail/fry-basket-mini-4x3x3-in-rectangle-18-8-stainless-steel-1-each-winco-FBM-433T?id=27224","","","","","","Imperial Dade","","{""manufacturerCode"":""FBM-433T"",""productUrl"":""https://www.imperialdade.com/catalog/product-detail/fry-basket-mini-4x3x3-in-rectangle-18-8-stainless-steel-1-each-winco-FBM-433T?id=27224"",""Compostable:"":""No"",""Rapidly Renewable Resource:"":""No"",""Recyclable:"":""Recyclable In Most Areas"",""Material:"":""18/8 Stainless Steel"",""Smallwares Product Type:"":""Fry Basket"",""ESP Chemical:"":""False"",""UNSPSC:"":""48101509"",""Product Category:"":""Commercial Fryers & Accessories"",""Height (IN):"":""3"",""Length (IN):"":""4"",""Product Shape:"":""Rectangle"",""Product Size:"":""Mini"",""Width (IN):"":""3"",""UPC-12:"":""811642053848"",""Product Type:"":""Fry Basket""}"
"","Rice Cooker & Warmer 30 Cup Stainless Steel 120V Electric 1/Set","RCP300","","30 Cup","","","","","https://www.imperialdade.com/_next/image?url=https%3A%2F%2Fs3.amazonaws.com%2Fimperialdade.com%2Fapps%2Fcatalog%2Fdigital-assets%2F272427%2Fprimary%2Fa50c9daf5d33a28082ccef9004fbf5ee9c65c3a1-268x268.webp&w=384&q=75","RC-P301","","","https://www.imperialdade.com/catalog/product-detail/rice-cooker-warmer-30-cup-stainless-steel-120v-electric-1-set-winco-RC-P301?id=272427","","","","","","Imperial Dade","","{""manufacturerCode"":""RC-P301"",""productUrl"":""https://www.imperialdade.com/catalog/product-detail/rice-cooker-warmer-30-cup-stainless-steel-120v-electric-1-set-winco-RC-P301?id=272427"",""Compostable:"":""No"",""Rapidly Renewable Resource:"":""No"",""Recyclable:"":""Recyclable In Most Areas"",""Material:"":""Stainless Steel"",""Restaurant Kitchen Equipment Product Type:"":""Cooker & Warmer"",""ESP Chemical:"":""False"",""UNSPSC:"":""23181703"",""Additional Product Features:"":""120V, Electric"",""Product Category:"":""Food Cookers & Warmers"",""UPC-12:"":""842169155111"",""Product Type:"":""Cooker & Warmer""}"
"","Work Table 30X72X35.50 IN Stainless Steel 1/Each","KLAG11B306LX","","","","","","","https://www.imperialdade.com/_next/image?url=https%3A%2F%2Fs3.amazonaws.com%2Fimperialdade.com%2Fapps%2Fcatalog%2Fdigital-assets%2F346348%2Fprimary%2F139d5f9ec154bb44de98579a061ff95a2eafadab-268x268.webp&w=384&q=75","KLAG-11B-306L-X","","","https://www.imperialdade.com/catalog/product-detail/work-table-30x72x35-50-in-stainless-steel-1-each-globe%20equipment%20company-KLAG-11B-306L-X?id=346348","","","","","","Imperial Dade","","{""manufacturerCode"":""KLAG-11B-306L-X"",""productUrl"":""https://www.imperialdade.com/catalog/product-detail/work-table-30x72x35-50-in-stainless-steel-1-each-globe%20equipment%20company-KLAG-11B-306L-X?id=346348"",""Compostable:"":""No"",""Rapidly Renewable Resource:"":""No"",""Recyclable:"":""Recyclable In Most Areas"",""Material:"":""Stainless Steel"",""Restaurant Kitchen Equipment Product Type:"":""Work Table"",""ESP Chemical:"":""False"",""UNSPSC:"":""48101500"",""Product Category:"":""Restaurant Kitchen Equipment"",""Height (IN):"":""35.50"",""Length (IN):"":""30"",""Width (IN):"":""72"",""Product Type:"":""Work Table""}"
"","Fryer Filter Envelope 22X14 IN White Oblong Crepe Paper 1.5 Inch Hole 100 Count/Pack","D1422E4CELLU","","","10051098002756","","","","https://www.imperialdade.com/_next/image?url=https%3A%2F%2Fs3.amazonaws.com%2Fimperialdade.com%2Fapps%2Fcatalog%2Fdigital-assets%2F361708%2Fprimary%2F4d1ad109b220776ab0bb3225605a9ce8ae7694f3-268x268.webp&w=384&q=75","D1422E4","","","https://www.imperialdade.com/catalog/product-detail/fryer-filter-envelope-22x14-in-white-oblong-crepe-paper-1-5-inch-hole-100-count-pack-cellucap-D1422E4?id=361708","","","","","","Imperial Dade","","{""manufacturerCode"":""D1422E4"",""productUrl"":""https://www.imperialdade.com/catalog/product-detail/fryer-filter-envelope-22x14-in-white-oblong-crepe-paper-1-5-inch-hole-100-count-pack-cellucap-D1422E4?id=361708"",""Compostable:"":""Commercially Compostable"",""Rapidly Renewable Resource:"":""No"",""Recyclable:"":""Recyclable In Most Areas"",""Material:"":""Crepe Paper"",""Sustainable Product:"":""Yes"",""Color:"":""White"",""Restaurant Kitchen Equipment Product Type:"":""Fryer Filter Envelope"",""ESP Chemical:"":""False"",""UNSPSC:"":""48101509"",""Product Category:"":""Commercial Fryers & Accessories"",""Length (IN):"":""22"",""Product Shape:"":""Oblong"",""Width (IN):"":""14"",""Restaurant Kitchen Equipment Product Features:"":""1.5 Inch Hole"",""Product Type:"":""Fryer Filter Envelope""}"
"","Fryer Filter Sheet 23.63X12.38 IN White Oblong Crepe Paper Flat 100 Count/Pack","D2312S5","","","","","","","https://www.imperialdade.com/_next/image?url=https%3A%2F%2Fs3.amazonaws.com%2Fimperialdade.com%2Fapps%2Fcatalog%2Fdigital-assets%2F361717%2Fprimary%2Fc4ca440743e73543027c648e308a19293e1c731f-268x268.webp&w=384&q=75","D2312S5","","","https://www.imperialdade.com/catalog/product-detail/fryer-filter-sheet-23-63x12-38-in-white-oblong-crepe-paper-flat-100-count-pack-cellucap-D2312S5?id=361717","","","","","","Imperial Dade","","{""manufacturerCode"":""D2312S5"",""productUrl"":""https://www.imperialdade.com/catalog/product-detail/fryer-filter-sheet-23-63x12-38-in-white-oblong-crepe-paper-flat-100-count-pack-cellucap-D2312S5?id=361717"",""Compostable:"":""Commercially Compostable"",""Rapidly Renewable Resource:"":""No"",""Recyclable:"":""Recyclable In Most Areas"",""Material:"":""Crepe Paper"",""Sustainable Product:"":""Yes"",""Color:"":""White"",""Restaurant Kitchen Equipment Product Type:"":""Fryer Filter Sheet"",""ESP Chemical:"":""False"",""UNSPSC:"":""48101509"",""Product Category:"":""Commercial Fryers & Accessories"",""Length (IN):"":""23.63"",""Product Shape:"":""Oblong"",""Width (IN):"":""12.38"",""Restaurant Kitchen Equipment Product Features:"":""Flat"",""Product Type:"":""Fryer Filter Sheet""}"
"","Fryer Filter Sheet 1521.5 IN Paper 100/Case","FS15215","","","00072288117534","","","","https://www.imperialdade.com/_next/image?url=https%3A%2F%2Fs3.amazonaws.com%2Fimperialdade.com%2Fapps%2Fcatalog%2Fdigital-assets%2F37410%2Fprimary%2F19650be118399c5b75d2ef5088ae8bbf9d315fc4-268x268.webp&w=384&q=75","FS15215","","","https://www.imperialdade.com/catalog/product-detail/fryer-filter-sheet-1521-5-in-paper-100-case-acr%20(amercareroyal)-FS15215?id=37410","","","","","","Imperial Dade","","{""manufacturerCode"":""FS15215"",""productUrl"":""https://www.imperialdade.com/catalog/product-detail/fryer-filter-sheet-1521-5-in-paper-100-case-acr%20(amercareroyal)-FS15215?id=37410"",""Compostable:"":""No"",""Rapidly Renewable Resource:"":""No"",""Recyclable:"":""No"",""Material:"":""Paper"",""Restaurant Kitchen Equipment Product Type:"":""Fryer Filter Sheet"",""ESP Chemical:"":""False"",""UNSPSC:"":""48101509"",""Product Category:"":""Commercial Fryers & Accessories"",""Length (IN):"":""1521.5"",""UPC-12:"":""722332608104"",""Product Type:"":""Fryer Filter Sheet""}"
"","Immersion Circulator 7.63X4.75X14.13 IN Stainless Steel Precise Temperature Control Sous Vide 1/Each","ESVI1","","","10842169140985","","","","https://www.imperialdade.com/_next/image?url=https%3A%2F%2Fs3.amazonaws.com%2Fimperialdade.com%2Fapps%2Fcatalog%2Fdigital-assets%2F380644%2Fprimary%2Fd7a5ede0dd4a865086e8cbb80063d86eb15ba781-268x268.webp&w=384&q=75","ESVI-1","","","https://www.imperialdade.com/catalog/product-detail/immersion-circulator-7-63x4-75x14-13-in-stainless-steel-precise-temperature-control-sous-vide-1-each-winco-ESVI-1?id=380644","","","","","","Imperial Dade","","{""manufacturerCode"":""ESVI-1"",""productUrl"":""https://www.imperialdade.com/catalog/product-detail/immersion-circulator-7-63x4-75x14-13-in-stainless-steel-precise-temperature-control-sous-vide-1-each-winco-ESVI-1?id=380644"",""Compostable:"":""No"",""Rapidly Renewable Resource:"":""No"",""Recyclable:"":""Recyclable In Most Areas"",""Material:"":""Stainless Steel"",""Restaurant Kitchen Equipment Product Type:"":""Immersion Circulator"",""ESP Chemical:"":""False"",""UNSPSC:"":""48101500"",""Additional Product Features:"":""Precise Temperature Control, Sous Vide"",""Product Category:"":""Food Cookers & Warmers"",""Height (IN):"":""14.13"",""Length (IN):"":""7.63"",""Width (IN):"":""4.75"",""UPC-12:"":""842169140988"",""Product Type:"":""Immersion Circulator""}"
"","Condiment Pump Dispenser 10.125X10.5X15.125 IN 2 QT 18/8 Stainless Steel 1/Each","PKTS2D","","2 QT","","","","","https://www.imperialdade.com/_next/image?url=https%3A%2F%2Fs3.amazonaws.com%2Fimperialdade.com%2Fapps%2Fcatalog%2Fdigital-assets%2F380679%2Fprimary%2F9a134a39a540930d84960e6ab66fe32b45d70e4e-268x268.webp&w=384&q=75","PKTS-2D","","","https://www.imperialdade.com/catalog/product-detail/condiment-pump-dispenser-10-125x10-5x15-125-in-2-qt-18-8-stainless-steel-1-each-winco-PKTS-2D?id=380679","","","","","","Imperial Dade","","{""manufacturerCode"":""PKTS-2D"",""productUrl"":""https://www.imperialdade.com/catalog/product-detail/condiment-pump-dispenser-10-125x10-5x15-125-in-2-qt-18-8-stainless-steel-1-each-winco-PKTS-2D?id=380679"",""Compostable:"":""No"",""Rapidly Renewable Resource:"":""No"",""Recyclable:"":""Recyclable In Most Areas"",""Material:"":""18/8 Stainless Steel"",""Restaurant Kitchen Equipment Product Type:"":""Condiment Pump Dispenser"",""ESP Chemical:"":""False"",""UNSPSC:"":""48101500"",""Product Category:"":""Restaurant Kitchen Equipment"",""Height (IN):"":""15.125"",""Length (IN):"":""10.125"",""Width (IN):"":""10.5"",""Capacity (OZ):"":""64"",""UPC-12:"":""811642004314"",""Product Type:"":""Condiment Pump Dispenser""}"
"","Madison Collection Chafer 6 QT Round Stainless Steel 1/Each","602CHAFER","","6 QT","","","","","https://www.imperialdade.com/_next/image?url=https%3A%2F%2Fs3.amazonaws.com%2Fimperialdade.com%2Fapps%2Fcatalog%2Fdigital-assets%2F389376%2Fprimary%2F1e8600abc08a217d71f3714d982252497e914284-268x268.webp&w=384&q=75","602","","","https://www.imperialdade.com/catalog/product-detail/madison-collection-chafer-6-qt-round-stainless-steel-1-each-winco-602?id=389376","","","","","","Imperial Dade","","{""manufacturerCode"":""602"",""productUrl"":""https://www.imperialdade.com/catalog/product-detail/madison-collection-chafer-6-qt-round-stainless-steel-1-each-winco-602?id=389376"",""Compostable:"":""No"",""Rapidly Renewable Resource:"":""No"",""Recyclable:"":""Recyclable In Most Areas"",""Material:"":""Stainless Steel"",""Restaurant Kitchen Equipment Product Type:"":""Chafer"",""ESP Chemical:"":""False"",""UNSPSC:"":""48101500"",""Product Category:"":""Food Cookers & Warmers"",""Product Shape:"":""Round"",""Capacity (OZ):"":""192"",""UPC-12:"":""842169105161"",""Product Type:"":""Chafer""}"
"","Food Processor Commercial Hopper 2 Discs 1/Each","CL50E","","","","","","","https://www.imperialdade.com/_next/image?url=https%3A%2F%2Fs3.amazonaws.com%2Fimperialdade.com%2Fapps%2Fcatalog%2Fdigital-assets%2F405231%2Fprimary%2F3b9dbe39c22c1ef166ae28caba6c3ebae039df5a-268x268.webp&w=384&q=75","CL50E","","","https://www.imperialdade.com/catalog/product-detail/food-processor-commercial-hopper-2-discs-1-each-robot-coupe-CL50E?id=405231","","","","","","Imperial Dade","","{""manufacturerCode"":""CL50E"",""productUrl"":""https://www.imperialdade.com/catalog/product-detail/food-processor-commercial-hopper-2-discs-1-each-robot-coupe-CL50E?id=405231"",""Restaurant Kitchen Equipment Product Type:"":""Food Processor"",""ESP Chemical:"":""False"",""UNSPSC:"":""48101500"",""Additional Product Features:"":""Commercial, Hopper, 2 Discs"",""Product Category:"":""Restaurant Kitchen Equipment"",""Product Type:"":""Food Processor""}"
"","Juicer & Juice Extractor Automatic Feed 1/Each","J8JUICE","","","","","","","https://www.imperialdade.com/_next/image?url=https%3A%2F%2Fs3.amazonaws.com%2Fimperialdade.com%2Fapps%2Fcatalog%2Fdigital-assets%2F405232%2Fprimary%2F342000c0f0ec9211d8a8c53f3a14e4c582bde712-268x268.webp&w=384&q=75","J80","","","https://www.imperialdade.com/catalog/product-detail/juicer-juice-extractor-automatic-feed-1-each-robot-coupe-J80?id=405232","","","","","","Imperial Dade","","{""manufacturerCode"":""J80"",""productUrl"":""https://www.imperialdade.com/catalog/product-detail/juicer-juice-extractor-automatic-feed-1-each-robot-coupe-J80?id=405232"",""Restaurant Kitchen Equipment Product Type:"":""Juicer & Juice Extractor"",""ESP Chemical:"":""False"",""UNSPSC:"":""48101500"",""Additional Product Features:"":""Automatic Feed"",""Product Category:"":""Restaurant Kitchen Equipment"",""Product Type:"":""Juicer & Juice Extractor""}"
"","Immersion Mixer 18 IN 26 GAL 1 HP 12M/RPM 1/Each","MP450","","26 GAL","","","","","https://www.imperialdade.com/_next/image?url=https%3A%2F%2Fs3.amazonaws.com%2Fimperialdade.com%2Fapps%2Fcatalog%2Fdigital-assets%2F405233%2Fprimary%2Fe68f2169f2087a1225b213175d3db7726e05c162-268x268.webp&w=384&q=75","MP450","","","https://www.imperialdade.com/catalog/product-detail/immersion-mixer-18-in-26-gal-1-hp-12m-rpm-1-each-robot-coupe-MP450?id=405233","","","","","","Imperial Dade","","{""manufacturerCode"":""MP450"",""productUrl"":""https://www.imperialdade.com/catalog/product-detail/immersion-mixer-18-in-26-gal-1-hp-12m-rpm-1-each-robot-coupe-MP450?id=405233"",""Restaurant Kitchen Equipment Product Type:"":""Immersion Mixer"",""ESP Chemical:"":""False"",""UNSPSC:"":""48101500"",""Additional Product Features:"":""1 HP 12M/RPM"",""Product Category:"":""Restaurant Kitchen Equipment"",""Length (IN):"":""18"",""Capacity (OZ):"":""3328"",""Product Type:"":""Immersion Mixer""}"
"","Immersion Mixer 21 IN 50 GAL 1.2 HP 12M/RPM 1/Each","MP550","","50 GAL","","","","","https://www.imperialdade.com/_next/image?url=https%3A%2F%2Fs3.amazonaws.com%2Fimperialdade.com%2Fapps%2Fcatalog%2Fdigital-assets%2F405234%2Fprimary%2F4f332785d5e387e2e9700d7f674d383999d0b5aa-268x268.webp&w=384&q=75","MP550","","","https://www.imperialdade.com/catalog/product-detail/immersion-mixer-21-in-50-gal-1-2-hp-12m-rpm-1-each-robot-coupe-MP550?id=405234","","","","","","Imperial Dade","","{""manufacturerCode"":""MP550"",""productUrl"":""https://www.imperialdade.com/catalog/product-detail/immersion-mixer-21-in-50-gal-1-2-hp-12m-rpm-1-each-robot-coupe-MP550?id=405234"",""Restaurant Kitchen Equipment Product Type:"":""Immersion Mixer"",""ESP Chemical:"":""False"",""UNSPSC:"":""48101500"",""Additional Product Features:"":""1.2 HP 12M/RPM"",""Product Category:"":""Restaurant Kitchen Equipment"",""Length (IN):"":""21"",""Capacity (OZ):"":""6400"",""Product Type:"":""Immersion Mixer""}"
"","Food Processor Commercial Dice Kit 1/Each","R2DICE","","","","","","","https://www.imperialdade.com/_next/image?url=https%3A%2F%2Fs3.amazonaws.com%2Fimperialdade.com%2Fapps%2Fcatalog%2Fdigital-assets%2F405235%2Fprimary%2F5c882caa112b6800e3b8755275679f80d4208726-268x268.webp&w=384&q=75","R2DICE","","","https://www.imperialdade.com/catalog/product-detail/food-processor-commercial-dice-kit-1-each-robot-coupe-R2DICE?id=405235","","","","","","Imperial Dade","","{""manufacturerCode"":""R2DICE"",""productUrl"":""https://www.imperialdade.com/catalog/product-detail/food-processor-commercial-dice-kit-1-each-robot-coupe-R2DICE?id=405235"",""Restaurant Kitchen Equipment Product Type:"":""Food Processor"",""ESP Chemical:"":""False"",""UNSPSC:"":""48101500"",""Additional Product Features:"":""Commercial, Dice Kit"",""Product Category:"":""Restaurant Kitchen Equipment"",""Product Type:"":""Food Processor""}"
"","Soup Warmer 13.25X14.5X14.5 IN 10.5 QT Black Electric 110 Volt Double Wall Insulated 1/Each","ESW66","","10.5 QT","811642033550","","","","https://www.imperialdade.com/_next/image?url=https%3A%2F%2Fs3.amazonaws.com%2Fimperialdade.com%2Fapps%2Fcatalog%2Fdigital-assets%2F46073%2Fprimary%2F671b4a97cf6439c695f8c73077e20b8a55e8ca22-268x268.webp&w=384&q=75","ESW-66","","","https://www.imperialdade.com/catalog/product-detail/soup-warmer-13-25x14-5x14-5-in-10-5-qt-black-electric-110-volt-double-wall-insulated-1-each-winco-ESW-66?id=46073","","","","","","Imperial Dade","","{""manufacturerCode"":""ESW-66"",""productUrl"":""https://www.imperialdade.com/catalog/product-detail/soup-warmer-13-25x14-5x14-5-in-10-5-qt-black-electric-110-volt-double-wall-insulated-1-each-winco-ESW-66?id=46073"",""Color:"":""Black"",""Restaurant Kitchen Equipment Product Type:"":""Soup Warmer"",""ESP Chemical:"":""False"",""UNSPSC:"":""48101500"",""Additional Product Features:"":""Electric, 110 Volt, Double Wall, Insulated"",""Product Category:"":""Restaurant Kitchen Equipment"",""Height (IN):"":""14.5"",""Length (IN):"":""13.25"",""Width (IN):"":""14.5"",""Capacity (OZ):"":""336"",""UPC-12:"":""811642033550"",""Product Type:"":""Soup Warmer""}"
"","Pinch Clip 5/Pack","101757","","","","","","","https://www.imperialdade.com/_next/image?url=https%3A%2F%2Fs3.amazonaws.com%2Fimperialdade.com%2Fapps%2Fcatalog%2Fdigital-assets%2F56589%2Fprimary%2F8ff81da9ea1afacd2c6511de273e5403a16a3e59-268x268.webp&w=384&q=75","1000.00105.00","","","https://www.imperialdade.com/catalog/product-detail/pinch-clip-5-pack-fetco-1000.00105.00?id=56589","","","","","","Imperial Dade","","{""manufacturerCode"":""1000.00105.00"",""productUrl"":""https://www.imperialdade.com/catalog/product-detail/pinch-clip-5-pack-fetco-1000.00105.00?id=56589"",""Restaurant Kitchen Equipment Product Type:"":""Pinch Clip"",""ESP Chemical:"":""False"",""UNSPSC:"":""48101800"",""Product Category:"":""Restaurant Kitchen Equipment"",""Product Type:"":""Pinch Clip""}"
"","Taco Salad Bowl Fry Basket 9X6.875X5 IN Round Stainless Steel 1/Each","TB20","","","10842169124855","","","","https://www.imperialdade.com/_next/image?url=https%3A%2F%2Fs3.amazonaws.com%2Fimperialdade.com%2Fapps%2Fcatalog%2Fdigital-assets%2F56779%2Fprimary%2F244b1f85a783a558541b19805f69ff6b0440984d-268x268.webp&w=384&q=75","TB-20","","","https://www.imperialdade.com/catalog/product-detail/taco-salad-bowl-fry-basket-9x6-875x5-in-round-stainless-steel-1-each-winco-TB-20?id=56779","","","","","","Imperial Dade","","{""manufacturerCode"":""TB-20"",""productUrl"":""https://www.imperialdade.com/catalog/product-detail/taco-salad-bowl-fry-basket-9x6-875x5-in-round-stainless-steel-1-each-winco-TB-20?id=56779"",""Compostable:"":""No"",""Rapidly Renewable Resource:"":""No"",""Handle Length (IN):"":""13.25"",""Recyclable:"":""Recyclable In Most Areas"",""Material:"":""Stainless Steel"",""Smallwares Product Type:"":""Fry Basket"",""ESP Chemical:"":""False"",""UNSPSC:"":""48101509"",""Product Category:"":""Commercial Fryers & Accessories"",""Height (IN):"":""5"",""Length (IN):"":""9"",""Product Shape:"":""Round"",""Width (IN):"":""6.875"",""UPC-12:"":""842169124858"",""Product Type:"":""Fry Basket""}"